item_id,prior_ids,target,user_id
4193,"['4145', '4138', '3970', '1307', '2982', '3934', '4071', '4058', '3680', '1676']",1,105208
3738,"['4868', '4836', '4785', '4837', '3738', '4662', '4738', '2887', '3972', '3493']",0,105208
287,"['5325', '5803', '5810', '5722', '5881', '5574', '371', '4269', '391', '287']",0,105208
3896,"['286', '3896', '3451', '4025', '1254', '2458', '1118', '1219', '1698', '4365']",0,105208
5574,"['5325', '5803', '5810', '5722', '5881', '0', '0', '0', '0', '0']",0,105208
4070,"['2961', '3167', '2139', '3333', '3392', '3716', '3862', '2612', '3920', '4018']",1,105208
3238,"['324', '3238', '4043', '3524', '3337', '3286', '2573', '2838', '4306', '2976']",0,105208
4025,"['3451', '4025', '1254', '2458', '1118', '1219', '1698', '4365', '4046', '324']",0,105208
2927,"['3493', '3340', '3068', '2936', '2927', '2901', '1164', '4603', '4611', '4665']",0,105208
262,"['2257', '1503', '4193', '4184', '3227', '835', '1954', '4212', '3024', '4209']",0,105208
2212,"['3167', '2139', '3333', '3392', '3716', '3862', '2612', '3920', '4018', '428']",1,105208
4101,"['4146', '4096', '1504', '3722', '3676', '3555', '3115', '3273', '262', '2234']",0,105208
4880,"['4919', '4880', '4793', '4831', '4877', '4914', '4952', '4937', '3282', '3991']",0,105208
2927,"['3493', '3340', '3068', '2936', '2927', '2901', '1164', '4603', '4611', '4665']",0,105208
286,"['547', '286', '3896', '3451', '4025', '1254', '2458', '1118', '1219', '1698']",0,105208
2982,"['2139', '3333', '3392', '3716', '3862', '2612', '3920', '4018', '428', '2441']",1,105208
4212,"['4161', '4163', '4159', '4148', '4147', '4145', '4138', '3970', '1307', '2982']",0,105208
4937,"['5151', '4919', '4880', '4793', '4831', '4877', '4914', '4952', '4937', '3282']",0,105208
4101,"['4071', '4058', '3680', '1676', '3893', '2023', '3492', '416', '2773', '2522']",0,105208
4919,"['391', '287', '4051', '4070', '5671', '5759', '4899', '5151', '4919', '4880']",0,105208
2982,"['3333', '3392', '3716', '3862', '2612', '3920', '4018', '428', '2441', '3973']",1,105208
4096,"['3722', '3676', '3555', '3115', '3273', '262', '2234', '2257', '1503', '4193']",0,105208
3493,"['4662', '4738', '2887', '3972', '3493', '3340', '3068', '2936', '2927', '2901']",0,105208
2326,"['2326', '2425', '4229', '4101', '4146', '4096', '1504', '3722', '3676', '3555']",0,105208
4146,"['4096', '1504', '3722', '3676', '3555', '3115', '3273', '262', '2234', '2257']",0,105208
3970,"['3392', '3716', '3862', '2612', '3920', '4018', '428', '2441', '3973', '3808']",1,105208
2936,"['3972', '3493', '3340', '3068', '2936', '2927', '2901', '1164', '4603', '4611']",0,105208
1254,"['4025', '1254', '2458', '1118', '1219', '1698', '4365', '4046', '324', '3238']",0,105208
4096,"['3722', '3676', '3555', '3115', '3273', '262', '2234', '2257', '1503', '4193']",0,105208
2212,"['4115', '3994', '1780', '3846', '3748', '3645', '3750', '2961', '3167', '2139']",0,105208
4138,"['3716', '3862', '2612', '3920', '4018', '428', '2441', '3973', '3808', '3895']",1,105208
5759,"['5881', '5574', '371', '4269', '391', '287', '4051', '4070', '5671', '5759']",0,105208
4193,"['3227', '835', '1954', '4212', '3024', '4209', '4172', '4161', '4163', '4159']",0,105208
4611,"['2927', '2901', '1164', '4603', '4611', '4665', '2212', '1435', '9', '4476']",0,105208
287,"['5325', '5803', '5810', '5722', '5881', '5574', '371', '4269', '391', '287']",0,105208
4148,"['3862', '2612', '3920', '4018', '428', '2441', '3973', '3808', '3895', '161']",1,105208
2410,"['3164', '2410', '4031', '172', '3474', '4153', '2379', '547', '286', '3896']",0,105208
4193,"['4163', '4159', '4148', '4147', '4145', '4138', '3970', '1307', '2982', '3934']",0,105208
1698,"['1219', '1698', '4365', '4046', '324', '3238', '4043', '3524', '3337', '3286']",0,105208
3738,"['4603', '4611', '4665', '2212', '1435', '9', '4476', '4443', '4479', '3164']",0,105208
416,"['0', '0', '0', '0', '0', '0', '0', '0', '0', '0']",1,105208
2212,"['4115', '3994', '1780', '3846', '3748', '3645', '3750', '2961', '3167', '2139']",0,105208
2379,"['4153', '2379', '547', '286', '3896', '3451', '4025', '1254', '2458', '1118']",0,105208
428,"['0', '0', '0', '0', '0', '0', '0', '0', '0', '0']",0,105208
3392,"['3981', '3974', '2152', '934', '0', '0', '0', '0', '0', '0']",0,105208
3050,"['1323', '3', '2036', '3731', '2768', '3068', '3973', '5175', '5075', '5078']",1,120266
5662,"['4642', '764', '2788', '2885', '183', '1170', '3822', '3050', '4121', '1183']",0,120266
3930,"['764', '2788', '2885', '183', '1170', '3822', '3050', '4121', '1183', '1185']",0,120266
1754,"['1385', '1755', '2310', '1756', '1965', '3283', '1293', '5570', '4225', '1754']",0,120266
22,"['5687', '5627', '118', '1276', '5722', '2446', '1608', '4346', '950', '939']",0,120266
3050,"['3', '2036', '3731', '2768', '3068', '3973', '5175', '5075', '5078', '2689']",1,120266
5662,"['4642', '764', '2788', '2885', '183', '1170', '3822', '3050', '4121', '1183']",0,120266
3050,"['1183', '1185', '5697', '5273', '1798', '5759', '1973', '4302', '5523', '4396']",0,120266
5570,"['3903', '3246', '1385', '1755', '2310', '1756', '1965', '3283', '1293', '0']",0,120266
1293,"['3283', '1293', '5570', '4225', '1754', '54', '1009', '3694', '3462', '2661']",0,120266
3050,"['2036', '3731', '2768', '3068', '3973', '5175', '5075', '5078', '2689', '849']",1,120266
1965,"['3903', '3246', '1385', '1755', '2310', '1756', '0', '0', '0', '0']",0,120266
3694,"['1754', '54', '1009', '3694', '3462', '2661', '3247', '4510', '5597', '212']",0,120266
940,"['4240', '2003', '821', '3024', '3481', '5151', '3874', '1323', '3', '2036']",0,120266
1170,"['3050', '4121', '1183', '1185', '5697', '5273', '1798', '5759', '1973', '4302']",0,120266
3050,"['3731', '2768', '3068', '3973', '5175', '5075', '5078', '2689', '849', '3537']",1,120266
4003,"['118', '1276', '5722', '2446', '1608', '4346', '950', '939', '5707', '412']",0,120266
1756,"['3903', '3246', '1385', '1755', '2310', '0', '0', '0', '0', '0']",0,120266
4032,"['3930', '4642', '764', '2788', '2885', '183', '1170', '3822', '3050', '4121']",0,120266
3694,"['1754', '54', '1009', '3694', '3462', '2661', '3247', '4510', '5597', '212']",0,120266
2248,"['675', '4028', '4242', '4087', '428', '4240', '3007', '4226', '2768', '4436']",0,123312
605,"['605', '4087', '891', '118', '1771', '0', '0', '0', '0', '0']",1,124664
605,"['605', '4087', '0', '0', '0', '0', '0', '0', '0', '0']",0,124664
891,"['605', '4087', '891', '118', '1771', '0', '0', '0', '0', '0']",0,124664
118,"['605', '4087', '891', '118', '1771', '0', '0', '0', '0', '0']",0,124664
4087,"['605', '4087', '891', '0', '0', '0', '0', '0', '0', '0']",0,124664
5154,"['4295', '5253', '2212', '2133', '4625', '1924', '4209', '2704', '3481', '2363']",0,133512
5864,"['5837', '3921', '4334', '5832', '5820', '5818', '2499', '5273', '5816', '5815']",1,136
5034,"['247', '3255', '1795', '5667', '4630', '2140', '5677', '5674', '4932', '5670']",0,136
5523,"['1113', '5704', '5707', '1925', '412', '5531', '5711', '5253', '3483', '5552']",0,136
2027,"['5928', '5718', '5096', '5713', '2719', '5697', '813', '5725', '471', '0']",0,136
849,"['5674', '4932', '5670', '5665', '2679', '2141', '5791', '5833', '5837', '3921']",0,136
382,"['1780', '4164', '4239', '4331', '219', '4435', '3868', '4259', '3024', '2720']",1,136
3980,"['4059', '4243', '3470', '4479', '2424', '4499', '4510', '4560', '764', '4534']",0,136
5415,"['5078', '74', '4109', '26', '4108', '5276', '5275', '1738', '5274', '5199']",0,136
5100,"['5286', '5285', '5282', '5287', '5288', '5005', '5104', '4250', '154', '2212']",0,136
4032,"['5597', '5338', '3677', '3775', '2255', '1528', '2366', '4657', '5618', '5489']",0,136
2436,"['4164', '4239', '4331', '219', '4435', '3868', '4259', '3024', '2720', '4315']",1,136
5377,"['3998', '715', '1663', '316', '3543', '2652', '3994', '2773', '1043', '4440']",0,136
5532,"['5075', '5079', '2601', '4117', '5092', '5093', '5063', '5094', '2543', '4937']",0,136
4848,"['4792', '4802', '4557', '4274', '4874', '5010', '4694', '1087', '2003', '4697']",0,136
5886,"['1386', '2732', '1113', '5704', '5707', '1925', '412', '5531', '5711', '5253']",0,136
2436,"['4239', '4331', '219', '4435', '3868', '4259', '3024', '2720', '4315', '4273']",1,136
5859,"['2679', '2141', '5791', '5833', '5837', '3921', '4334', '5832', '5820', '5818']",0,136
2751,"['1514', '4899', '3347', '1775', '4211', '5341', '5343', '5344', '5345', '1697']",0,136
5552,"['3106', '4511', '1457', '4476', '3738', '3871', '4143', '1809', '1114', '4204']",0,136
5486,"['5275', '1738', '5274', '5199', '5278', '5277', '5279', '161', '5281', '5283']",0,136
2436,"['4331', '219', '4435', '3868', '4259', '3024', '2720', '4315', '4273', '4308']",1,136
5818,"['1734', '3', '1690', '2591', '5468', '5467', '5466', '5465', '5459', '649']",0,136
5530,"['5772', '5775', '4751', '5777', '2859', '5792', '5794', '5793', '3785', '5543']",0,136
5928,"['0', '0', '0', '0', '0', '0', '0', '0', '0', '0']",0,136
5369,"['1336', '4040', '3573', '4618', '1974', '4614', '4376', '4515', '4505', '1969']",0,136
2436,"['219', '4435', '3868', '4259', '3024', '2720', '4315', '4273', '4308', '4313']",1,136
1032,"['1974', '4614', '4376', '4515', '4505', '1969', '4474', '3684', '4509', '3934']",0,136
5498,"['2289', '627', '519', '3991', '2803', '3013', '4968', '2788', '4736', '5179']",0,136
1598,"['4968', '2788', '4736', '5179', '3252', '1526', '3112', '5173', '5169', '5172']",0,136
1982,"['3073', '3160', '5073', '3268', '403', '2728', '2841', '3668', '1164', '4880']",0,136
4070,"['4029', '3712', '4212', '4265', '4272', '4294', '1899', '3519', '3459', '3805']",1,136
4848,"['4511', '1457', '4476', '3738', '3871', '4143', '1809', '1114', '4204', '4555']",0,136
5055,"['4322', '4327', '4323', '4326', '4325', '4338', '3584', '4489', '2336', '1239']",0,136
5870,"['3255', '1795', '5667', '4630', '2140', '5677', '5674', '4932', '5670', '5665']",0,136
5377,"['2533', '2522', '4237', '1282', '1750', '1445', '4226', '3599', '4434', '4486']",0,136
4423,"['0', '0', '0', '0', '0', '0', '0', '0', '0', '0']",1,136
1925,"['2662', '5803', '5864', '5859', '5530', '2256', '5856', '5848', '5857', '5534']",0,136
5812,"['547', '5055', '5497', '5498', '5494', '1598', '5681', '5680', '1474', '1748']",0,136
326,"['0', '0', '0', '0', '0', '0', '0', '0', '0', '0']",0,136
5055,"['4452', '4455', '4335', '4322', '4327', '4323', '4326', '4325', '4338', '3584']",0,136
4062,"['0', '0', '0', '0', '0', '0', '0', '0', '0', '0']",1,136
5155,"['0', '0', '0', '0', '0', '0', '0', '0', '0', '0']",0,136
4062,"['0', '0', '0', '0', '0', '0', '0', '0', '0', '0']",0,136
1774,"['0', '0', '0', '0', '0', '0', '0', '0', '0', '0']",0,136
1671,"['0', '0', '0', '0', '0', '0', '0', '0', '0', '0']",0,136
4435,"['0', '0', '0', '0', '0', '0', '0', '0', '0', '0']",1,136
5586,"['5428', '4848', '5395', '5442', '5437', '5436', '5583', '4020', '2510', '5223']",0,136
5497,"['4835', '3771', '1952', '5195', '5196', '5197', '233', '4671', '5188', '287']",0,136
5311,"['1773', '5213', '679', '4563', '1774', '3233', '1725', '2600', '1677', '4209']",0,136
4061,"['0', '0', '0', '0', '0', '0', '0', '0', '0', '0']",0,136
4429,"['0', '0', '0', '0', '0', '0', '0', '0', '0', '0']",1,136
3526,"['0', '0', '0', '0', '0', '0', '0', '0', '0', '0']",0,136
4226,"['0', '0', '0', '0', '0', '0', '0', '0', '0', '0']",0,136
4488,"['0', '0', '0', '0', '0', '0', '0', '0', '0', '0']",0,136
3573,"['0', '0', '0', '0', '0', '0', '0', '0', '0', '0']",0,136
4429,"['0', '0', '0', '0', '0', '0', '0', '0', '0', '0']",1,136
5369,"['1336', '4040', '3573', '4618', '1974', '4614', '4376', '4515', '4505', '1969']",0,136
4377,"['0', '0', '0', '0', '0', '0', '0', '0', '0', '0']",0,136
2522,"['0', '0', '0', '0', '0', '0', '0', '0', '0', '0']",0,136
5363,"['4563', '1774', '3233', '1725', '2600', '1677', '4209', '4444', '3437', '763']",0,136
4429,"['0', '0', '0', '0', '0', '0', '0', '0', '0', '0']",1,136
2003,"['0', '0', '0', '0', '0', '0', '0', '0', '0', '0']",0,136
4476,"['0', '0', '0', '0', '0', '0', '0', '0', '0', '0']",0,136
5467,"['5164', '4115', '2133', '1608', '5155', '2118', '4685', '5134', '4242', '3441']",0,136
5322,"['4294', '1899', '3519', '3459', '3805', '4249', '4257', '4258', '4276', '4227']",0,136
3604,"['0', '0', '0', '0', '0', '0', '0', '0', '0', '0']",1,136
4848,"['3871', '4143', '1809', '1114', '4204', '4555', '4498', '4453', '4063', '4246']",0,136
5055,"['2070', '2119', '3967', '3966', '3972', '3974', '3973', '3896', '3975', '3913']",0,136
5021,"['0', '0', '0', '0', '0', '0', '0', '0', '0', '0']",0,136
2140,"['2612', '5078', '74', '4109', '26', '4108', '5276', '5275', '1738', '5274']",0,136
2120,"['0', '0', '0', '0', '0', '0', '0', '0', '0', '0']",1,136
2256,"['0', '0', '0', '0', '0', '0', '0', '0', '0', '0']",0,136
4848,"['4511', '1457', '4476', '3738', '3871', '4143', '1809', '1114', '4204', '4555']",0,136
4625,"['0', '0', '0', '0', '0', '0', '0', '0', '0', '0']",0,136
5118,"['0', '0', '0', '0', '0', '0', '0', '0', '0', '0']",0,136
2120,"['0', '0', '0', '0', '0', '0', '0', '0', '0', '0']",1,136
4070,"['4061', '3469', '1243', '4668', '2214', '4667', '4549', '2560', '3106', '4511']",0,136
4313,"['0', '0', '0', '0', '0', '0', '0', '0', '0', '0']",0,136
3911,"['0', '0', '0', '0', '0', '0', '0', '0', '0', '0']",0,136
3123,"['0', '0', '0', '0', '0', '0', '0', '0', '0', '0']",0,136
2120,"['0', '0', '0', '0', '0', '0', '0', '0', '0', '0']",1,136
519,"['0', '0', '0', '0', '0', '0', '0', '0', '0', '0']",0,136
4899,"['0', '0', '0', '0', '0', '0', '0', '0', '0', '0']",0,136
4750,"['0', '0', '0', '0', '0', '0', '0', '0', '0', '0']",0,136
3024,"['0', '0', '0', '0', '0', '0', '0', '0', '0', '0']",0,136
4294,"['0', '0', '0', '0', '0', '0', '0', '0', '0', '0']",1,136
5100,"['0', '0', '0', '0', '0', '0', '0', '0', '0', '0']",0,136
5648,"['5132', '5131', '3918', '2950', '3670', '342', '5130', '2035', '4970', '3055']",0,136
4785,"['0', '0', '0', '0', '0', '0', '0', '0', '0', '0']",0,136
5055,"['4335', '4322', '4327', '4323', '4326', '4325', '4338', '3584', '4489', '2336']",0,136
4259,"['0', '0', '0', '0', '0', '0', '0', '0', '0', '0']",1,136
4070,"['1509', '1323', '3958', '4827', '244', '2500', '603', '5101', '4101', '3222']",0,136
5687,"['5520', '5522', '5535', '5533', '5532', '5538', '2390', '5712', '1734', '3']",0,136
5278,"['0', '0', '0', '0', '0', '0', '0', '0', '0', '0']",0,136
2844,"['0', '0', '0', '0', '0', '0', '0', '0', '0', '0']",0,136
4259,"['0', '0', '0', '0', '0', '0', '0', '0', '0', '0']",1,136
5757,"['381', '1437', '5154', '3209', '5234', '5231', '1347', '4658', '3911', '5175']",0,136
4257,"['0', '0', '0', '0', '0', '0', '0', '0', '0', '0']",0,136
154,"['0', '0', '0', '0', '0', '0', '0', '0', '0', '0']",0,136
4608,"['0', '0', '0', '0', '0', '0', '0', '0', '0', '0']",0,136
4154,"['0', '0', '0', '0', '0', '0', '0', '0', '0', '0']",1,136
5521,"['891', '5320', '1177', '4714', '5086', '4611', '1889', '5081', '2876', '5084']",0,136
4193,"['0', '0', '0', '0', '0', '0', '0', '0', '0', '0']",0,136
4750,"['0', '0', '0', '0', '0', '0', '0', '0', '0', '0']",0,136
382,"['3410', '5021', '2887', '5017', '5019', '4653', '5014', '5012', '4661', '5022']",0,136
3973,"['0', '0', '0', '0', '0', '0', '0', '0', '0', '0']",1,136
573,"['3202', '2468', '4377', '2053', '326', '5058', '4933', '5102', '2399', '5103']",0,136
1514,"['0', '0', '0', '0', '0', '0', '0', '0', '0', '0']",0,136
4603,"['0', '0', '0', '0', '0', '0', '0', '0', '0', '0']",0,136
4109,"['0', '0', '0', '0', '0', '0', '0', '0', '0', '0']",0,136
3973,"['0', '0', '0', '0', '0', '0', '0', '0', '0', '0']",1,136
1451,"['0', '0', '0', '0', '0', '0', '0', '0', '0', '0']",0,136
4899,"['0', '0', '0', '0', '0', '0', '0', '0', '0', '0']",0,136
83,"['3985', '3660', '3305', '2070', '2119', '3967', '3966', '3972', '3974', '3973']",0,136
2140,"['2612', '5078', '74', '4109', '26', '4108', '5276', '5275', '1738', '5274']",0,136
2441,"['0', '0', '0', '0', '0', '0', '0', '0', '0', '0']",1,136
5790,"['1775', '4211', '5341', '5343', '5344', '5345', '1697', '3348', '4439', '5357']",0,136
3605,"['0', '0', '0', '0', '0', '0', '0', '0', '0', '0']",0,136
4062,"['4774', '1345', '4770', '1628', '2269', '1507', '4443', '27', '4792', '4802']",0,136
3926,"['0', '0', '0', '0', '0', '0', '0', '0', '0', '0']",0,136
5078,"['3672', '4724', '921', '4832', '4831', '4828', '4709', '4827', '4269', '3866']",1,137632
5358,"['5648', '5253', '5531', '1032', '5368', '3604', '5362', '5359', '2699', '5358']",0,137632
955,"['24', '955', '1889', '4793', '4089', '3737', '3262', '3481', '4655', '418']",0,137632
5567,"['2954', '4932', '5636', '2554', '4070', '5585', '0', '0', '0', '0']",0,137632
4899,"['4899', '4919', '154', '3930', '4391', '3106', '4537', '2502', '966', '3160']",0,137632
5078,"['4724', '921', '4832', '4831', '4828', '4709', '4827', '4269', '3866', '2982']",1,137632
5697,"['2554', '4070', '5585', '5567', '3419', '5672', '5687', '5677', '5674', '3729']",0,137632
1697,"['1032', '5368', '3604', '5362', '5359', '2699', '5358', '4439', '1697', '5345']",0,137632
1451,"['1697', '5345', '1514', '5151', '5273', '5175', '5322', '675', '1451', '5338']",0,137632
266,"['5293', '1504', '1775', '5088', '2375', '266', '1923', '5301', '5300', '5285']",0,137632
4828,"['4193', '4762', '4632', '3849', '4657', '4625', '1164', '4608', '4476', '4454']",1,137632
5088,"['1451', '5338', '4878', '5293', '1504', '1775', '5088', '2375', '266', '1923']",0,137632
5585,"['2954', '4932', '5636', '2554', '4070', '0', '0', '0', '0', '0']",0,137632
154,"['3930', '4391', '3106', '4537', '2502', '966', '3160', '1049', '1596', '5083']",0,137632
4661,"['4109', '4661', '4334', '4993', '4968', '2972', '4937', '4147', '4952', '4899']",0,137632
4221,"['0', '0', '0', '0', '0', '0', '0', '0', '0', '0']",1,17579
428,"['1569', '1199', '3832', '3684', '1589', '3933', '3930', '3024', '822', '1507']",0,17579
1046,"['4194', '547', '4199', '161', '4223', '4307', '3870', '3882', '3218', '3454']",0,17579
3228,"['0', '0', '0', '0', '0', '0', '0', '0', '0', '0']",0,17579
2172,"['4712', '1028', '2172', '1051', '3041', '5342', '5340', '2139', '1032', '5225']",0,17579
3282,"['0', '0', '0', '0', '0', '0', '0', '0', '0', '0']",1,17579
4130,"['3493', '4031', '3773', '643', '4018', '766', '706', '4096', '4106', '4122']",0,17579
4130,"['643', '4018', '766', '706', '4096', '4106', '4122', '4019', '4141', '4148']",0,17579
2560,"['1734', '1065', '1344', '1071', '4146', '3040', '4137', '261', '4120', '4105']",0,17579
3228,"['0', '0', '0', '0', '0', '0', '0', '0', '0', '0']",0,17579
3670,"['4874', '3742', '3055', '4832', '4912', '4878', '4391', '2035', '3209', '4914']",0,187274
5164,"['4878', '1032', '4051', '5530', '2986', '2788', '3493', '1289', '3233', '3437']",0,191674
4334,"['5078', '5017', '5100', '4832', '5126', '26', '5672', '5273', '27', '3775']",0,203092
3914,"['0', '0', '0', '0', '0', '0', '0', '0', '0', '0']",1,214853
3387,"['5175', '5176', '5177', '5184', '5189', '5191', '233', '266', '5225', '3911']",0,214853
5523,"['1179', '2290', '2255', '118', '428', '83', '219', '9', '1507', '2982']",0,214853
316,"['6', '2284', '1424', '3348', '1474', '5132', '5134', '5131', '5138', '3481']",0,214853
5189,"['3222', '403', '3060', '5173', '4474', '2300', '3922', '27', '2568', '3734']",0,214853
3914,"['0', '0', '0', '0', '0', '0', '0', '0', '0', '0']",1,214853
150,"['5861', '5531', '4432', '5524', '5489', '2924', '2954', '4032', '150', '5574']",0,214853
5100,"['0', '0', '0', '0', '0', '0', '0', '0', '0', '0']",0,214853
2658,"['4012', '1097', '4831', '5073', '4828', '5069', '5102', '3676', '3339', '2234']",0,214853
9,"['1504', '1697', '5288', '26', '1526', '24', '1066', '1071', '5315', '5285']",0,214853
1457,"['0', '0', '0', '0', '0', '0', '0', '0', '0', '0']",1,214853
1774,"['1990', '3792', '1434', '1987', '4306', '744', '2706', '4879', '2222', '1012']",0,214853
3169,"['5125', '5126', '5078', '0', '0', '0', '0', '0', '0', '0']",0,214853
849,"['3832', '316', '5154', '4494', '573', '4531', '4534', '287', '4549', '3169']",0,214853
3565,"['2560', '1392', '1750', '2972', '3461', '1445', '5300', '3977', '794', '1797']",0,214853
3977,"['0', '0', '0', '0', '0', '0', '0', '0', '0', '0']",1,214853
165,"['0', '0', '0', '0', '0', '0', '0', '0', '0', '0']",0,214853
5355,"['428', '83', '219', '9', '1507', '2982', '1771', '1491', '2560', '1392']",0,214853
900,"['5655', '5650', '5648', '5349', '3514', '5580', '4630', '5322', '4653', '5486']",0,214853
4534,"['5131', '5138', '3481', '5125', '5126', '5078', '0', '0', '0', '0']",0,214853
4845,"['5686', '4737', '5697', '5692', '3845', '5175', '3166', '3775', '5695', '4645']",0,230639
5385,"['0', '0', '0', '0', '0', '0', '0', '0', '0', '0']",1,26
5489,"['4290', '4410', '4403', '4400', '4372', '4395', '4343', '4402', '4401', '4390']",0,26
129,"['994', '3756', '3497', '3045', '2771', '3495', '3420', '1440', '4280', '4282']",0,26
820,"['5585', '3616', '5068', '5524', '1930', '1925', '3283', '4284', '4339', '342']",0,26
4292,"['4671', '4614', '4300', '4933', '4935', '24', '4936', '2621', '247', '4264']",0,26
4147,"['0', '0', '0', '0', '0', '0', '0', '0', '0', '0']",1,26
5925,"['5385', '5742', '1217', '1909', '4579', '3473', '5648', '3707', '5695', '5725']",0,26
5489,"['4328', '4323', '4327', '4290', '4410', '4403', '4400', '4372', '4395', '4343']",0,26
5479,"['4403', '4400', '4372', '4395', '4343', '4402', '4401', '4390', '4388', '2120']",0,26
5792,"['5169', '3795', '5132', '4115', '4377', '3026', '4001', '4762', '5140', '5141']",0,26
4147,"['0', '0', '0', '0', '0', '0', '0', '0', '0', '0']",1,26
649,"['744', '2059', '3924', '3310', '3242', '3311', '3241', '3827', '2815', '1205']",0,26
4432,"['4008', '4259', '3811', '1599', '3674', '1741', '539', '4307', '4326', '4332']",0,26
5524,"['4149', '4140', '4495', '2795', '3692', '4228', '177', '4493', '2885', '1190']",0,26
2140,"['4657', '1437', '4415', '1114', '2639', '5279', '3889', '2502', '4836', '4129']",0,26
5301,"['0', '0', '0', '0', '0', '0', '0', '0', '0', '0']",1,26
5838,"['5375', '4899', '1451', '706', '1780', '3738', '5252', '5230', '3230', '5325']",0,26
4305,"['941', '3736', '3131', '1457', '4498', '1888', '3987', '1730', '1929', '2596']",0,26
4432,"['4477', '2718', '4275', '2814', '3979', '2816', '2060', '3903', '3837', '1941']",0,26
5503,"['224', '3291', '1993', '3078', '1030', '3665', '122', '4497', '3587', '1146']",0,26
5301,"['0', '0', '0', '0', '0', '0', '0', '0', '0', '0']",1,26
5585,"['857', '4907', '1771', '468', '4221', '1526', '4003', '3943', '624', '632']",0,26
4866,"['1307', '2927', '5061', '4880', '4877', '4661', '4937', '4662', '5070', '4652']",0,26
5800,"['4146', '5025', '5024', '5003', '4868', '5037', '4997', '5002', '4918', '3222']",0,26
5634,"['2953', '515', '3502', '10', '11', '219', '3884', '4511', '3681', '4445']",0,26
5005,"['0', '0', '0', '0', '0', '0', '0', '0', '0', '0']",1,26
2805,"['0', '0', '0', '0', '0', '0', '0', '0', '0', '0']",0,26
4899,"['0', '0', '0', '0', '0', '0', '0', '0', '0', '0']",0,26
4432,"['2814', '3979', '2816', '2060', '3903', '3837', '1941', '4346', '2970', '4094']",0,26
4785,"['0', '0', '0', '0', '0', '0', '0', '0', '0', '0']",0,26
5005,"['0', '0', '0', '0', '0', '0', '0', '0', '0', '0']",1,26
5055,"['0', '0', '0', '0', '0', '0', '0', '0', '0', '0']",0,26
2805,"['5524', '1930', '1925', '3283', '4284', '4339', '342', '5541', '3393', '4200']",0,26
4196,"['0', '0', '0', '0', '0', '0', '0', '0', '0', '0']",0,26
1424,"['0', '0', '0', '0', '0', '0', '0', '0', '0', '0']",0,26
4334,"['0', '0', '0', '0', '0', '0', '0', '0', '0', '0']",1,26
5078,"['0', '0', '0', '0', '0', '0', '0', '0', '0', '0']",0,26
4851,"['0', '0', '0', '0', '0', '0', '0', '0', '0', '0']",0,26
1666,"['0', '0', '0', '0', '0', '0', '0', '0', '0', '0']",0,26
5859,"['509', '4305', '3099', '5783', '2859', '5786', '3457', '5790', '5791', '5034']",0,26
4334,"['0', '0', '0', '0', '0', '0', '0', '0', '0', '0']",1,26
813,"['3268', '2442', '3668', '40', '5202', '4835', '4242', '4697', '5014', '5019']",0,26
3441,"['0', '0', '0', '0', '0', '0', '0', '0', '0', '0']",0,26
4062,"['102', '4016', '3897', '2012', '3984', '4022', '3746', '2119', '3500', '3155']",0,26
5123,"['0', '0', '0', '0', '0', '0', '0', '0', '0', '0']",0,26
4899,"['0', '0', '0', '0', '0', '0', '0', '0', '0', '0']",1,26
1537,"['1282', '5352', '4071', '4658', '3466', '531', '5387', '2823', '5377', '5369']",0,26
4432,"['3106', '4088', '234', '3122', '3102', '3085', '1756', '1661', '2847', '2529']",0,26
3218,"['4844', '4911', '4913', '3930', '4906', '3944', '3922', '4885', '1491', '4901']",0,26
1307,"['0', '0', '0', '0', '0', '0', '0', '0', '0', '0']",0,26
4735,"['0', '0', '0', '0', '0', '0', '0', '0', '0', '0']",1,26
1179,"['101', '4831', '4822', '4294', '4494', '4344', '4774', '2972', '900', '4025']",0,26
5415,"['2095', '3463', '3586', '3580', '3401', '3380', '4243', '4210', '4218', '1579']",0,26
2773,"['1545', '4731', '4734', '605', '4741', '2729', '4359', '4552', '2479', '3954']",0,26
2552,"['0', '0', '0', '0', '0', '0', '0', '0', '0', '0']",0,26
4735,"['0', '0', '0', '0', '0', '0', '0', '0', '0', '0']",1,26
4769,"['0', '0', '0', '0', '0', '0', '0', '0', '0', '0']",0,26
3876,"['0', '0', '0', '0', '0', '0', '0', '0', '0', '0']",0,26
4737,"['942', '939', '2446', '3171', '590', '4105', '2397', '4118', '1126', '4121']",0,26
649,"['0', '0', '0', '0', '0', '0', '0', '0', '0', '0']",0,26
4242,"['0', '0', '0', '0', '0', '0', '0', '0', '0', '0']",1,26
5655,"['1165', '3340', '2158', '1607', '3934', '1666', '5305', '4850', '3605', '4919']",0,26
4242,"['0', '0', '0', '0', '0', '0', '0', '0', '0', '0']",0,26
1164,"['0', '0', '0', '0', '0', '0', '0', '0', '0', '0']",0,26
531,"['0', '0', '0', '0', '0', '0', '0', '0', '0', '0']",0,26
4642,"['0', '0', '0', '0', '0', '0', '0', '0', '0', '0']",1,26
4774,"['0', '0', '0', '0', '0', '0', '0', '0', '0', '0']",0,26
1282,"['2279', '3985', '1088', '4011', '1910', '3999', '3988', '739', '498', '2704']",0,26
4608,"['0', '0', '0', '0', '0', '0', '0', '0', '0', '0']",0,26
4339,"['1336', '3708', '4843', '4841', '2524', '5000', '5001', '244', '477', '3724']",0,26
4642,"['0', '0', '0', '0', '0', '0', '0', '0', '0', '0']",1,26
281,"['0', '0', '0', '0', '0', '0', '0', '0', '0', '0']",0,26
74,"['0', '0', '0', '0', '0', '0', '0', '0', '0', '0']",0,26
2823,"['2373', '3517', '3560', '2946', '2582', '2813', '4026', '3890', '3526', '3906']",0,26
5631,"['1066', '3775', '5153', '3941', '4845', '5135', '4058', '3209', '5088', '5276']",0,26
531,"['0', '0', '0', '0', '0', '0', '0', '0', '0', '0']",1,26
4632,"['0', '0', '0', '0', '0', '0', '0', '0', '0', '0']",0,26
4681,"['0', '0', '0', '0', '0', '0', '0', '0', '0', '0']",0,26
531,"['0', '0', '0', '0', '0', '0', '0', '0', '0', '0']",0,26
591,"['3712', '2849', '2270', '3054', '1012', '1102', '95', '1009', '1459', '2352']",0,26
1347,"['0', '0', '0', '0', '0', '0', '0', '0', '0', '0']",1,26
4510,"['0', '0', '0', '0', '0', '0', '0', '0', '0', '0']",0,26
3775,"['0', '0', '0', '0', '0', '0', '0', '0', '0', '0']",0,26
5164,"['0', '0', '0', '0', '0', '0', '0', '0', '0', '0']",0,26
3608,"['0', '0', '0', '0', '0', '0', '0', '0', '0', '0']",0,26
4498,"['0', '0', '0', '0', '0', '0', '0', '0', '0', '0']",1,26
4346,"['0', '0', '0', '0', '0', '0', '0', '0', '0', '0']",0,26
4557,"['0', '0', '0', '0', '0', '0', '0', '0', '0', '0']",0,26
4603,"['2660', '4914', '5683', '5677', '4932', '3255', '5665', '5662', '5647', '4051']",0,26
2923,"['0', '0', '0', '0', '0', '0', '0', '0', '0', '0']",0,26
4498,"['0', '0', '0', '0', '0', '0', '0', '0', '0', '0']",1,26
2274,"['675', '5485', '5848', '5843', '235', '5813', '2861', '519', '5658', '5655']",0,26
4003,"['0', '0', '0', '0', '0', '0', '0', '0', '0', '0']",0,26
591,"['3659', '5157', '5158', '5160', '5186', '5184', '5188', '5189', '5193', '5191']",0,26
3054,"['0', '0', '0', '0', '0', '0', '0', '0', '0', '0']",0,26
4498,"['0', '0', '0', '0', '0', '0', '0', '0', '0', '0']",1,26
5231,"['0', '0', '0', '0', '0', '0', '0', '0', '0', '0']",0,26
5135,"['0', '0', '0', '0', '0', '0', '0', '0', '0', '0']",0,26
4730,"['0', '0', '0', '0', '0', '0', '0', '0', '0', '0']",0,26
1969,"['0', '0', '0', '0', '0', '0', '0', '0', '0', '0']",0,26
3665,"['0', '0', '0', '0', '0', '0', '0', '0', '0', '0']",1,26
2719,"['1102', '95', '1009', '1459', '2352', '2644', '3490', '103', '4024', '5234']",0,26
4477,"['0', '0', '0', '0', '0', '0', '0', '0', '0', '0']",0,26
2838,"['0', '0', '0', '0', '0', '0', '0', '0', '0', '0']",0,26
3060,"['0', '0', '0', '0', '0', '0', '0', '0', '0', '0']",0,26
3665,"['0', '0', '0', '0', '0', '0', '0', '0', '0', '0']",1,26
4868,"['0', '0', '0', '0', '0', '0', '0', '0', '0', '0']",0,26
4521,"['0', '0', '0', '0', '0', '0', '0', '0', '0', '0']",0,26
4027,"['0', '0', '0', '0', '0', '0', '0', '0', '0', '0']",0,26
3112,"['0', '0', '0', '0', '0', '0', '0', '0', '0', '0']",0,26
2370,"['0', '0', '0', '0', '0', '0', '0', '0', '0', '0']",1,26
2311,"['0', '0', '0', '0', '0', '0', '0', '0', '0', '0']",0,26
4232,"['3539', '268', '3703', '2863', '1991', '3971', '3961', '1120', '1184', '3817']",0,26
4673,"['0', '0', '0', '0', '0', '0', '0', '0', '0', '0']",0,26
4096,"['0', '0', '0', '0', '0', '0', '0', '0', '0', '0']",0,26
4449,"['0', '0', '0', '0', '0', '0', '0', '0', '0', '0']",1,26
4367,"['0', '0', '0', '0', '0', '0', '0', '0', '0', '0']",0,26
5485,"['323', '3123', '2415', '4832', '5350', '5372', '5099', '5343', '4211', '4133']",0,26
1009,"['0', '0', '0', '0', '0', '0', '0', '0', '0', '0']",0,26
1697,"['0', '0', '0', '0', '0', '0', '0', '0', '0', '0']",0,26
4448,"['0', '0', '0', '0', '0', '0', '0', '0', '0', '0']",1,26
1026,"['0', '0', '0', '0', '0', '0', '0', '0', '0', '0']",0,26
2215,"['0', '0', '0', '0', '0', '0', '0', '0', '0', '0']",0,26
5722,"['2176', '3822', '4964', '857', '4907', '1771', '468', '4221', '1526', '4003']",0,26
4704,"['0', '0', '0', '0', '0', '0', '0', '0', '0', '0']",0,26
4445,"['0', '0', '0', '0', '0', '0', '0', '0', '0', '0']",1,26
4034,"['0', '0', '0', '0', '0', '0', '0', '0', '0', '0']",0,26
1437,"['0', '0', '0', '0', '0', '0', '0', '0', '0', '0']",0,26
3393,"['4059', '4063', '2336', '2635', '4571', '2375', '3130', '3397', '1040', '1505']",0,26
2399,"['0', '0', '0', '0', '0', '0', '0', '0', '0', '0']",0,26
4446,"['0', '0', '0', '0', '0', '0', '0', '0', '0', '0']",1,26
5005,"['0', '0', '0', '0', '0', '0', '0', '0', '0', '0']",0,26
4762,"['0', '0', '0', '0', '0', '0', '0', '0', '0', '0']",0,26
5075,"['0', '0', '0', '0', '0', '0', '0', '0', '0', '0']",0,26
2611,"['0', '0', '0', '0', '0', '0', '0', '0', '0', '0']",0,26
1514,"['0', '0', '0', '0', '0', '0', '0', '0', '0', '0']",1,26
3122,"['0', '0', '0', '0', '0', '0', '0', '0', '0', '0']",0,26
1164,"['0', '0', '0', '0', '0', '0', '0', '0', '0', '0']",0,26
1243,"['0', '0', '0', '0', '0', '0', '0', '0', '0', '0']",0,26
2311,"['0', '0', '0', '0', '0', '0', '0', '0', '0', '0']",0,26
1514,"['0', '0', '0', '0', '0', '0', '0', '0', '0', '0']",1,26
4339,"['2524', '5000', '5001', '244', '477', '3724', '4912', '4844', '4911', '4913']",0,26
4654,"['0', '0', '0', '0', '0', '0', '0', '0', '0', '0']",0,26
5631,"['5104', '2287', '2807', '4130', '5199', '5274', '5275', '4657', '1437', '4415']",0,26
2591,"['0', '0', '0', '0', '0', '0', '0', '0', '0', '0']",0,26
1514,"['0', '0', '0', '0', '0', '0', '0', '0', '0', '0']",1,26
2826,"['0', '0', '0', '0', '0', '0', '0', '0', '0', '0']",0,26
4737,"['0', '0', '0', '0', '0', '0', '0', '0', '0', '0']",0,26
4878,"['0', '0', '0', '0', '0', '0', '0', '0', '0', '0']",0,26
2703,"['0', '0', '0', '0', '0', '0', '0', '0', '0', '0']",0,26
4428,"['0', '0', '0', '0', '0', '0', '0', '0', '0', '0']",1,26
4769,"['0', '0', '0', '0', '0', '0', '0', '0', '0', '0']",0,26
4420,"['0', '0', '0', '0', '0', '0', '0', '0', '0', '0']",0,26
5375,"['669', '663', '662', '660', '640', '602', '601', '600', '598', '588']",0,26
4409,"['0', '0', '0', '0', '0', '0', '0', '0', '0', '0']",0,26
4427,"['0', '0', '0', '0', '0', '0', '0', '0', '0', '0']",1,26
2100,"['4093', '258', '4745', '3801', '3672', '3206', '165', '4752', '4699', '4742']",0,26
1347,"['0', '0', '0', '0', '0', '0', '0', '0', '0', '0']",0,26
5574,"['4434', '4126', '4613', '3060', '2189', '4562', '4488', '4549', '4548', '391']",0,26
4529,"['0', '0', '0', '0', '0', '0', '0', '0', '0', '0']",0,26
4427,"['0', '0', '0', '0', '0', '0', '0', '0', '0', '0']",1,26
4246,"['0', '0', '0', '0', '0', '0', '0', '0', '0', '0']",0,26
5223,"['0', '0', '0', '0', '0', '0', '0', '0', '0', '0']",0,26
764,"['0', '0', '0', '0', '0', '0', '0', '0', '0', '0']",0,26
5769,"['5094', '5097', '4334', '5078', '2662', '5083', '5093', '5095', '5084', '5062']",0,26
4427,"['0', '0', '0', '0', '0', '0', '0', '0', '0', '0']",1,26
1977,"['0', '0', '0', '0', '0', '0', '0', '0', '0', '0']",0,26
4850,"['0', '0', '0', '0', '0', '0', '0', '0', '0', '0']",0,26
5126,"['0', '0', '0', '0', '0', '0', '0', '0', '0', '0']",0,26
2196,"['0', '0', '0', '0', '0', '0', '0', '0', '0', '0']",0,26
4427,"['0', '0', '0', '0', '0', '0', '0', '0', '0', '0']",1,26
3504,"['0', '0', '0', '0', '0', '0', '0', '0', '0', '0']",0,26
5069,"['0', '0', '0', '0', '0', '0', '0', '0', '0', '0']",0,26
5793,"['40', '5202', '4835', '4242', '4697', '5014', '5019', '5081', '5058', '5063']",0,26
4380,"['0', '0', '0', '0', '0', '0', '0', '0', '0', '0']",0,26
4427,"['0', '0', '0', '0', '0', '0', '0', '0', '0', '0']",1,26
1347,"['0', '0', '0', '0', '0', '0', '0', '0', '0', '0']",0,26
5357,"['2439', '1961', '1541', '3260', '4120', '4050', '4046', '1674', '2631', '3349']",0,26
26,"['0', '0', '0', '0', '0', '0', '0', '0', '0', '0']",0,26
3668,"['0', '0', '0', '0', '0', '0', '0', '0', '0', '0']",0,26
4427,"['0', '0', '0', '0', '0', '0', '0', '0', '0', '0']",1,26
2495,"['0', '0', '0', '0', '0', '0', '0', '0', '0', '0']",0,26
4493,"['0', '0', '0', '0', '0', '0', '0', '0', '0', '0']",0,26
4335,"['0', '0', '0', '0', '0', '0', '0', '0', '0', '0']",0,26
4441,"['0', '0', '0', '0', '0', '0', '0', '0', '0', '0']",0,26
4427,"['0', '0', '0', '0', '0', '0', '0', '0', '0', '0']",1,26
5055,"['0', '0', '0', '0', '0', '0', '0', '0', '0', '0']",0,26
3339,"['3514', '5634', '5630', '5635', '5631', '5627', '3243', '2679', '4920', '1795']",0,26
5449,"['4897', '5357', '5442', '728', '5437', '4737', '3519', '5381', '3302', '167']",0,26
1969,"['0', '0', '0', '0', '0', '0', '0', '0', '0', '0']",0,26
4427,"['0', '0', '0', '0', '0', '0', '0', '0', '0', '0']",1,26
849,"['0', '0', '0', '0', '0', '0', '0', '0', '0', '0']",0,26
5585,"['4726', '4626', '4659', '3892', '2564', '2725', '2641', '2451', '1628', '4786']",0,26
5930,"['5896', '5743', '5930', '5924', '5928', '5782', '5865', '5880', '5885', '5887']",0,26
4899,"['0', '0', '0', '0', '0', '0', '0', '0', '0', '0']",0,26
4427,"['0', '0', '0', '0', '0', '0', '0', '0', '0', '0']",1,26
3056,"['0', '0', '0', '0', '0', '0', '0', '0', '0', '0']",0,26
5876,"['5399', '2699', '4439', '2266', '3896', '3812', '3765', '4879', '2878', '3970']",0,26
3470,"['0', '0', '0', '0', '0', '0', '0', '0', '0', '0']",0,26
1347,"['0', '0', '0', '0', '0', '0', '0', '0', '0', '0']",0,26
4427,"['0', '0', '0', '0', '0', '0', '0', '0', '0', '0']",1,26
4196,"['0', '0', '0', '0', '0', '0', '0', '0', '0', '0']",0,26
4734,"['0', '0', '0', '0', '0', '0', '0', '0', '0', '0']",0,26
262,"['0', '0', '0', '0', '0', '0', '0', '0', '0', '0']",0,26
4642,"['0', '0', '0', '0', '0', '0', '0', '0', '0', '0']",0,26
4427,"['0', '0', '0', '0', '0', '0', '0', '0', '0', '0']",1,26
2529,"['0', '0', '0', '0', '0', '0', '0', '0', '0', '0']",0,26
2662,"['0', '0', '0', '0', '0', '0', '0', '0', '0', '0']",0,26
4488,"['0', '0', '0', '0', '0', '0', '0', '0', '0', '0']",0,26
4527,"['0', '0', '0', '0', '0', '0', '0', '0', '0', '0']",0,26
4427,"['0', '0', '0', '0', '0', '0', '0', '0', '0', '0']",1,26
3504,"['0', '0', '0', '0', '0', '0', '0', '0', '0', '0']",0,26
5357,"['1946', '1936', '1788', '1593', '1567', '1398', '1331', '1081', '1069', '1055']",0,26
4841,"['0', '0', '0', '0', '0', '0', '0', '0', '0', '0']",0,26
4877,"['0', '0', '0', '0', '0', '0', '0', '0', '0', '0']",0,26
4428,"['0', '0', '0', '0', '0', '0', '0', '0', '0', '0']",1,26
4835,"['0', '0', '0', '0', '0', '0', '0', '0', '0', '0']",0,26
4880,"['0', '0', '0', '0', '0', '0', '0', '0', '0', '0']",0,26
1345,"['0', '0', '0', '0', '0', '0', '0', '0', '0', '0']",0,26
3312,"['3274', '3227', '2661', '2304', '3073', '2609', '1058', '2727', '3413', '181']",0,26
3604,"['0', '0', '0', '0', '0', '0', '0', '0', '0', '0']",1,26
4264,"['0', '0', '0', '0', '0', '0', '0', '0', '0', '0']",0,26
4027,"['0', '0', '0', '0', '0', '0', '0', '0', '0', '0']",0,26
2100,"['4263', '4223', '4268', '4256', '4257', '4238', '4235', '4230', '4208', '4236']",0,26
4453,"['0', '0', '0', '0', '0', '0', '0', '0', '0', '0']",0,26
3604,"['0', '0', '0', '0', '0', '0', '0', '0', '0', '0']",1,26
3106,"['0', '0', '0', '0', '0', '0', '0', '0', '0', '0']",0,26
5415,"['4185', '4190', '3461', '3084', '2834', '2470', '1749', '4092', '2420', '2889']",0,26
374,"['0', '0', '0', '0', '0', '0', '0', '0', '0', '0']",0,26
4625,"['0', '0', '0', '0', '0', '0', '0', '0', '0', '0']",0,26
3604,"['0', '0', '0', '0', '0', '0', '0', '0', '0', '0']",1,26
5285,"['0', '0', '0', '0', '0', '0', '0', '0', '0', '0']",0,26
3818,"['0', '0', '0', '0', '0', '0', '0', '0', '0', '0']",0,26
5583,"['2641', '2451', '1628', '4786', '4686', '4681', '4678', '1507', '4792', '4696']",0,26
5923,"['5704', '3224', '4432', '2773', '2805', '1608', '5687', '5740', '5689', '966']",0,26
3604,"['0', '0', '0', '0', '0', '0', '0', '0', '0', '0']",1,26
1345,"['0', '0', '0', '0', '0', '0', '0', '0', '0', '0']",0,26
4507,"['0', '0', '0', '0', '0', '0', '0', '0', '0', '0']",0,26
1725,"['0', '0', '0', '0', '0', '0', '0', '0', '0', '0']",0,26
5791,"['2118', '5223', '5175', '3991', '627', '4481', '371', '3588', '1027', '370']",0,26
4416,"['0', '0', '0', '0', '0', '0', '0', '0', '0', '0']",1,26
2754,"['5769', '5837', '1959', '2018', '5760', '5833', '2660', '4914', '5683', '5677']",0,26
4062,"['3049', '1694', '2439', '1961', '1541', '3260', '4120', '4050', '4046', '1674']",0,26
5769,"['5092', '5094', '5097', '4334', '5078', '2662', '5083', '5093', '5095', '5084']",0,26
4343,"['0', '0', '0', '0', '0', '0', '0', '0', '0', '0']",0,26
4416,"['0', '0', '0', '0', '0', '0', '0', '0', '0', '0']",1,26
5903,"['4301', '4269', '5921', '5920', '5923', '3297', '5734', '2027', '471', '5722']",0,26
531,"['3568', '3269', '102', '4016', '3897', '2012', '3984', '4022', '3746', '2119']",0,26
891,"['0', '0', '0', '0', '0', '0', '0', '0', '0', '0']",0,26
1347,"['0', '0', '0', '0', '0', '0', '0', '0', '0', '0']",0,26
4408,"['0', '0', '0', '0', '0', '0', '0', '0', '0', '0']",1,26
5665,"['2066', '2074', '2216', '1165', '3340', '2158', '1607', '3934', '1666', '5305']",0,26
2383,"['0', '0', '0', '0', '0', '0', '0', '0', '0', '0']",0,26
3995,"['2078', '5142', '5169', '3795', '5132', '4115', '4377', '3026', '4001', '4762']",0,26
3312,"['3221', '3274', '3227', '2661', '2304', '3073', '2609', '1058', '2727', '3413']",0,26
4411,"['0', '0', '0', '0', '0', '0', '0', '0', '0', '0']",1,26
2226,"['4155', '4107', '4099', '4037', '3977', '2095', '3463', '3586', '3580', '3401']",0,26
323,"['0', '0', '0', '0', '0', '0', '0', '0', '0', '0']",0,26
4507,"['0', '0', '0', '0', '0', '0', '0', '0', '0', '0']",0,26
4936,"['0', '0', '0', '0', '0', '0', '0', '0', '0', '0']",0,26
4410,"['0', '0', '0', '0', '0', '0', '0', '0', '0', '0']",1,26
4698,"['0', '0', '0', '0', '0', '0', '0', '0', '0', '0']",0,26
1347,"['0', '0', '0', '0', '0', '0', '0', '0', '0', '0']",0,26
4753,"['0', '0', '0', '0', '0', '0', '0', '0', '0', '0']",0,26
167,"['963', '4042', '1010', '777', '15', '3068', '1443', '1230', '1381', '1560']",0,26
4408,"['0', '0', '0', '0', '0', '0', '0', '0', '0', '0']",1,26
5586,"['4750', '4747', '4771', '4753', '4067', '4148', '4698', '4608', '4726', '4626']",0,26
3858,"['0', '0', '0', '0', '0', '0', '0', '0', '0', '0']",0,26
4025,"['0', '0', '0', '0', '0', '0', '0', '0', '0', '0']",0,26
3435,"['0', '0', '0', '0', '0', '0', '0', '0', '0', '0']",0,26
4408,"['0', '0', '0', '0', '0', '0', '0', '0', '0', '0']",1,26
1484,"['0', '0', '0', '0', '0', '0', '0', '0', '0', '0']",0,26
4115,"['0', '0', '0', '0', '0', '0', '0', '0', '0', '0']",0,26
2292,"['0', '0', '0', '0', '0', '0', '0', '0', '0', '0']",0,26
1040,"['0', '0', '0', '0', '0', '0', '0', '0', '0', '0']",0,26
4275,"['0', '0', '0', '0', '0', '0', '0', '0', '0', '0']",1,26
2213,"['0', '0', '0', '0', '0', '0', '0', '0', '0', '0']",0,26
4409,"['0', '0', '0', '0', '0', '0', '0', '0', '0', '0']",0,26
4723,"['0', '0', '0', '0', '0', '0', '0', '0', '0', '0']",0,26
2982,"['0', '0', '0', '0', '0', '0', '0', '0', '0', '0']",0,26
4390,"['0', '0', '0', '0', '0', '0', '0', '0', '0', '0']",1,26
4603,"['0', '0', '0', '0', '0', '0', '0', '0', '0', '0']",0,26
5842,"['3519', '5381', '3302', '167', '5398', '70', '2368', '4785', '1342', '2']",0,26
4967,"['0', '0', '0', '0', '0', '0', '0', '0', '0', '0']",0,26
4109,"['0', '0', '0', '0', '0', '0', '0', '0', '0', '0']",0,26
1780,"['0', '0', '0', '0', '0', '0', '0', '0', '0', '0']",1,26
3451,"['0', '0', '0', '0', '0', '0', '0', '0', '0', '0']",0,26
5146,"['0', '0', '0', '0', '0', '0', '0', '0', '0', '0']",0,26
1027,"['0', '0', '0', '0', '0', '0', '0', '0', '0', '0']",0,26
621,"['0', '0', '0', '0', '0', '0', '0', '0', '0', '0']",0,26
2685,"['0', '0', '0', '0', '0', '0', '0', '0', '0', '0']",1,26
3926,"['0', '0', '0', '0', '0', '0', '0', '0', '0', '0']",0,26
813,"['0', '0', '0', '0', '0', '0', '0', '0', '0', '0']",0,26
70,"['3634', '4041', '3986', '4000', '1554', '4010', '4012', '4017', '4018', '4036']",0,26
4200,"['2809', '4970', '2035', '3055', '3293', '3118', '2063', '1565', '4967', '4709']",0,26
2685,"['0', '0', '0', '0', '0', '0', '0', '0', '0', '0']",1,26
4735,"['0', '0', '0', '0', '0', '0', '0', '0', '0', '0']",0,26
4579,"['0', '0', '0', '0', '0', '0', '0', '0', '0', '0']",0,26
3670,"['0', '0', '0', '0', '0', '0', '0', '0', '0', '0']",0,26
5524,"['4149', '4140', '4495', '2795', '3692', '4228', '177', '4493', '2885', '1190']",0,26
2685,"['0', '0', '0', '0', '0', '0', '0', '0', '0', '0']",1,26
5329,"['0', '0', '0', '0', '0', '0', '0', '0', '0', '0']",0,26
4642,"['0', '0', '0', '0', '0', '0', '0', '0', '0', '0']",0,26
4394,"['0', '0', '0', '0', '0', '0', '0', '0', '0', '0']",0,26
1528,"['4012', '4017', '4018', '4036', '482', '2227', '2691', '1503', '1755', '3066']",0,26
2685,"['0', '0', '0', '0', '0', '0', '0', '0', '0', '0']",1,26
3,"['0', '0', '0', '0', '0', '0', '0', '0', '0', '0']",0,26
5597,"['4876', '4870', '2490', '778', '4852', '281', '4793', '4819', '4249', '3895']",0,26
4031,"['2082', '4866', '5777', '5812', '4680', '5794', '5090', '4040', '154', '5805']",0,26
4899,"['3951', '3960', '3424', '3204', '3089', '2780', '3880', '2873', '2509', '2177']",0,26
3504,"['0', '0', '0', '0', '0', '0', '0', '0', '0', '0']",1,26
3849,"['0', '0', '0', '0', '0', '0', '0', '0', '0', '0']",0,26
4334,"['0', '0', '0', '0', '0', '0', '0', '0', '0', '0']",0,26
4434,"['0', '0', '0', '0', '0', '0', '0', '0', '0', '0']",0,26
2560,"['0', '0', '0', '0', '0', '0', '0', '0', '0', '0']",0,26
3504,"['0', '0', '0', '0', '0', '0', '0', '0', '0', '0']",1,26
5556,"['2455', '2712', '2199', '4692', '4143', '2196', '1545', '4731', '4734', '605']",0,26
2342,"['0', '0', '0', '0', '0', '0', '0', '0', '0', '0']",0,26
5842,"['5551', '5621', '4274', '5583', '4476', '5625', '5628', '4070', '4646', '5762']",0,26
4149,"['0', '0', '0', '0', '0', '0', '0', '0', '0', '0']",0,26
4398,"['0', '0', '0', '0', '0', '0', '0', '0', '0', '0']",1,26
2043,"['0', '0', '0', '0', '0', '0', '0', '0', '0', '0']",0,26
1697,"['0', '0', '0', '0', '0', '0', '0', '0', '0', '0']",0,26
5662,"['3605', '4919', '5010', '3900', '3479', '1676', '2142', '4446', '4405', '4364']",0,26
5844,"['4370', '2900', '4253', '5183', '3024', '1382', '464', '3492', '5341', '5273']",0,26
4398,"['0', '0', '0', '0', '0', '0', '0', '0', '0', '0']",1,26
281,"['0', '0', '0', '0', '0', '0', '0', '0', '0', '0']",0,26
2601,"['0', '0', '0', '0', '0', '0', '0', '0', '0', '0']",0,26
895,"['0', '0', '0', '0', '0', '0', '0', '0', '0', '0']",0,26
5718,"['4479', '4443', '470', '3933', '2061', '3019', '4352', '2239', '4145', '4192']",0,26
4398,"['0', '0', '0', '0', '0', '0', '0', '0', '0', '0']",1,26
1514,"['0', '0', '0', '0', '0', '0', '0', '0', '0', '0']",0,26
1002,"['0', '0', '0', '0', '0', '0', '0', '0', '0', '0']",0,26
4614,"['0', '0', '0', '0', '0', '0', '0', '0', '0', '0']",0,26
5411,"['2012', '3984', '4022', '3746', '2119', '3500', '3155', '3305', '3596', '3595']",0,26
4239,"['0', '0', '0', '0', '0', '0', '0', '0', '0', '0']",1,26
3122,"['0', '0', '0', '0', '0', '0', '0', '0', '0', '0']",0,26
3489,"['0', '0', '0', '0', '0', '0', '0', '0', '0', '0']",0,26
3934,"['0', '0', '0', '0', '0', '0', '0', '0', '0', '0']",0,26
1942,"['4558', '3885', '4196', '1113', '3725', '4138', '5066', '3670', '3185', '4625']",0,26
4193,"['0', '0', '0', '0', '0', '0', '0', '0', '0', '0']",1,26
2640,"['0', '0', '0', '0', '0', '0', '0', '0', '0', '0']",0,26
3822,"['0', '0', '0', '0', '0', '0', '0', '0', '0', '0']",0,26
2370,"['0', '0', '0', '0', '0', '0', '0', '0', '0', '0']",0,26
4851,"['0', '0', '0', '0', '0', '0', '0', '0', '0', '0']",0,26
3805,"['0', '0', '0', '0', '0', '0', '0', '0', '0', '0']",1,26
4027,"['0', '0', '0', '0', '0', '0', '0', '0', '0', '0']",0,26
5160,"['0', '0', '0', '0', '0', '0', '0', '0', '0', '0']",0,26
4603,"['0', '0', '0', '0', '0', '0', '0', '0', '0', '0']",0,26
4657,"['0', '0', '0', '0', '0', '0', '0', '0', '0', '0']",0,26
3805,"['0', '0', '0', '0', '0', '0', '0', '0', '0', '0']",1,26
3876,"['0', '0', '0', '0', '0', '0', '0', '0', '0', '0']",0,26
5530,"['403', '4391', '1923', '656', '323', '3123', '2415', '4832', '5350', '5372']",0,26
2399,"['0', '0', '0', '0', '0', '0', '0', '0', '0', '0']",0,26
4735,"['0', '0', '0', '0', '0', '0', '0', '0', '0', '0']",0,26
3808,"['0', '0', '0', '0', '0', '0', '0', '0', '0', '0']",1,26
4488,"['0', '0', '0', '0', '0', '0', '0', '0', '0', '0']",0,26
5329,"['0', '0', '0', '0', '0', '0', '0', '0', '0', '0']",0,26
161,"['0', '0', '0', '0', '0', '0', '0', '0', '0', '0']",0,26
4571,"['0', '0', '0', '0', '0', '0', '0', '0', '0', '0']",0,26
3808,"['0', '0', '0', '0', '0', '0', '0', '0', '0', '0']",1,26
1437,"['0', '0', '0', '0', '0', '0', '0', '0', '0', '0']",0,26
4258,"['0', '0', '0', '0', '0', '0', '0', '0', '0', '0']",0,26
4952,"['0', '0', '0', '0', '0', '0', '0', '0', '0', '0']",0,26
4608,"['0', '0', '0', '0', '0', '0', '0', '0', '0', '0']",0,26
3808,"['0', '0', '0', '0', '0', '0', '0', '0', '0', '0']",1,26
1382,"['0', '0', '0', '0', '0', '0', '0', '0', '0', '0']",0,26
591,"['0', '0', '0', '0', '0', '0', '0', '0', '0', '0']",0,26
5842,"['3519', '5381', '3302', '167', '5398', '70', '2368', '4785', '1342', '2']",0,26
5416,"['2857', '2469', '4205', '2671', '4087', '4164', '3695', '3337', '2860', '3300']",0,26
4240,"['0', '0', '0', '0', '0', '0', '0', '0', '0', '0']",1,26
3720,"['0', '0', '0', '0', '0', '0', '0', '0', '0', '0']",0,26
3122,"['0', '0', '0', '0', '0', '0', '0', '0', '0', '0']",0,26
4027,"['0', '0', '0', '0', '0', '0', '0', '0', '0', '0']",0,26
5378,"['15', '3068', '1443', '1230', '1381', '1560', '905', '90', '908', '4045']",0,26
4259,"['0', '0', '0', '0', '0', '0', '0', '0', '0', '0']",1,26
3451,"['0', '0', '0', '0', '0', '0', '0', '0', '0', '0']",0,26
3684,"['0', '0', '0', '0', '0', '0', '0', '0', '0', '0']",0,26
3123,"['0', '0', '0', '0', '0', '0', '0', '0', '0', '0']",0,26
3099,"['761', '1974', '3573', '4620', '4618', '892', '4615', '4580', '2556', '4135']",0,26
4259,"['0', '0', '0', '0', '0', '0', '0', '0', '0', '0']",1,26
161,"['0', '0', '0', '0', '0', '0', '0', '0', '0', '0']",0,26
2697,"['0', '0', '0', '0', '0', '0', '0', '0', '0', '0']",0,26
4062,"['0', '0', '0', '0', '0', '0', '0', '0', '0', '0']",0,26
4539,"['0', '0', '0', '0', '0', '0', '0', '0', '0', '0']",0,26
4226,"['0', '0', '0', '0', '0', '0', '0', '0', '0', '0']",1,26
5191,"['0', '0', '0', '0', '0', '0', '0', '0', '0', '0']",0,26
4680,"['4662', '5070', '4652', '5005', '5074', '5077', '3160', '4529', '794', '1117']",0,26
215,"['0', '0', '0', '0', '0', '0', '0', '0', '0', '0']",0,26
857,"['0', '0', '0', '0', '0', '0', '0', '0', '0', '0']",0,26
891,"['0', '0', '0', '0', '0', '0', '0', '0', '0', '0']",1,26
406,"['0', '0', '0', '0', '0', '0', '0', '0', '0', '0']",0,26
1451,"['0', '0', '0', '0', '0', '0', '0', '0', '0', '0']",0,26
4071,"['0', '0', '0', '0', '0', '0', '0', '0', '0', '0']",0,26
2290,"['0', '0', '0', '0', '0', '0', '0', '0', '0', '0']",0,26
4167,"['0', '0', '0', '0', '0', '0', '0', '0', '0', '0']",1,26
4509,"['0', '0', '0', '0', '0', '0', '0', '0', '0', '0']",0,26
118,"['0', '0', '0', '0', '0', '0', '0', '0', '0', '0']",0,26
4101,"['0', '0', '0', '0', '0', '0', '0', '0', '0', '0']",0,26
3050,"['0', '0', '0', '0', '0', '0', '0', '0', '0', '0']",0,26
4164,"['0', '0', '0', '0', '0', '0', '0', '0', '0', '0']",1,26
4151,"['0', '0', '0', '0', '0', '0', '0', '0', '0', '0']",0,26
3056,"['0', '0', '0', '0', '0', '0', '0', '0', '0', '0']",0,26
4193,"['0', '0', '0', '0', '0', '0', '0', '0', '0', '0']",0,26
4531,"['0', '0', '0', '0', '0', '0', '0', '0', '0', '0']",0,26
4167,"['0', '0', '0', '0', '0', '0', '0', '0', '0', '0']",1,26
2255,"['0', '0', '0', '0', '0', '0', '0', '0', '0', '0']",0,26
5288,"['0', '0', '0', '0', '0', '0', '0', '0', '0', '0']",0,26
4253,"['0', '0', '0', '0', '0', '0', '0', '0', '0', '0']",0,26
4326,"['0', '0', '0', '0', '0', '0', '0', '0', '0', '0']",0,26
4167,"['0', '0', '0', '0', '0', '0', '0', '0', '0', '0']",1,26
4350,"['0', '0', '0', '0', '0', '0', '0', '0', '0', '0']",0,26
4993,"['0', '0', '0', '0', '0', '0', '0', '0', '0', '0']",0,26
2976,"['0', '0', '0', '0', '0', '0', '0', '0', '0', '0']",0,26
5079,"['1755', '3066', '3343', '1468', '3750', '3534', '2279', '3985', '1088', '4011']",0,26
4168,"['0', '0', '0', '0', '0', '0', '0', '0', '0', '0']",1,26
2870,"['0', '0', '0', '0', '0', '0', '0', '0', '0', '0']",0,26
464,"['0', '0', '0', '0', '0', '0', '0', '0', '0', '0']",0,26
4626,"['0', '0', '0', '0', '0', '0', '0', '0', '0', '0']",0,26
4301,"['0', '0', '0', '0', '0', '0', '0', '0', '0', '0']",0,26
4168,"['0', '0', '0', '0', '0', '0', '0', '0', '0', '0']",1,26
777,"['0', '0', '0', '0', '0', '0', '0', '0', '0', '0']",0,26
4253,"['0', '0', '0', '0', '0', '0', '0', '0', '0', '0']",0,26
1307,"['0', '0', '0', '0', '0', '0', '0', '0', '0', '0']",0,26
1323,"['0', '0', '0', '0', '0', '0', '0', '0', '0', '0']",0,26
4123,"['0', '0', '0', '0', '0', '0', '0', '0', '0', '0']",1,26
4324,"['0', '0', '0', '0', '0', '0', '0', '0', '0', '0']",0,26
3282,"['0', '0', '0', '0', '0', '0', '0', '0', '0', '0']",0,26
4377,"['0', '0', '0', '0', '0', '0', '0', '0', '0', '0']",0,26
4560,"['0', '0', '0', '0', '0', '0', '0', '0', '0', '0']",0,26
4123,"['0', '0', '0', '0', '0', '0', '0', '0', '0', '0']",1,26
5555,"['2146', '3841', '1671', '3946', '4384', '4093', '258', '4745', '3801', '3672']",0,26
3926,"['0', '0', '0', '0', '0', '0', '0', '0', '0', '0']",0,26
2697,"['0', '0', '0', '0', '0', '0', '0', '0', '0', '0']",0,26
4270,"['0', '0', '0', '0', '0', '0', '0', '0', '0', '0']",0,26
4123,"['0', '0', '0', '0', '0', '0', '0', '0', '0', '0']",1,26
5689,"['5416', '5414', '5411', '5404', '5426', '5363', '3387', '5340', '3312', '4848']",0,26
4356,"['0', '0', '0', '0', '0', '0', '0', '0', '0', '0']",0,26
4275,"['0', '0', '0', '0', '0', '0', '0', '0', '0', '0']",0,26
2500,"['0', '0', '0', '0', '0', '0', '0', '0', '0', '0']",0,26
69,"['0', '0', '0', '0', '0', '0', '0', '0', '0', '0']",1,26
4295,"['0', '0', '0', '0', '0', '0', '0', '0', '0', '0']",0,26
1572,"['0', '0', '0', '0', '0', '0', '0', '0', '0', '0']",0,26
5350,"['0', '0', '0', '0', '0', '0', '0', '0', '0', '0']",0,26
1572,"['0', '0', '0', '0', '0', '0', '0', '0', '0', '0']",0,26
69,"['0', '0', '0', '0', '0', '0', '0', '0', '0', '0']",1,26
3443,"['5647', '4051', '5636', '266', '5523', '5674', '4630', '5691', '3218', '5681']",0,26
5078,"['0', '0', '0', '0', '0', '0', '0', '0', '0', '0']",0,26
4899,"['0', '0', '0', '0', '0', '0', '0', '0', '0', '0']",0,26
1734,"['3327', '3365', '3346', '2543', '2841', '921', '3613', '3366', '3350', '2274']",0,26
1345,"['0', '0', '0', '0', '0', '0', '0', '0', '0', '0']",1,26
4348,"['0', '0', '0', '0', '0', '0', '0', '0', '0', '0']",0,26
4416,"['0', '0', '0', '0', '0', '0', '0', '0', '0', '0']",0,26
4243,"['0', '0', '0', '0', '0', '0', '0', '0', '0', '0']",0,26
3164,"['0', '0', '0', '0', '0', '0', '0', '0', '0', '0']",0,26
1345,"['0', '0', '0', '0', '0', '0', '0', '0', '0', '0']",1,26
3805,"['0', '0', '0', '0', '0', '0', '0', '0', '0', '0']",0,26
599,"['4075', '4073', '4537', '4023', '4246', '4204', '2874', '4531', '2569', '2568']",0,26
3368,"['0', '0', '0', '0', '0', '0', '0', '0', '0', '0']",0,26
5691,"['5560', '5355', '5302', '599', '1164', '4183', '4483', '3989', '573', '5745']",0,26
4102,"['0', '0', '0', '0', '0', '0', '0', '0', '0', '0']",1,26
1755,"['0', '0', '0', '0', '0', '0', '0', '0', '0', '0']",0,26
4322,"['0', '0', '0', '0', '0', '0', '0', '0', '0', '0']",0,26
4359,"['0', '0', '0', '0', '0', '0', '0', '0', '0', '0']",0,26
5078,"['0', '0', '0', '0', '0', '0', '0', '0', '0', '0']",0,26
4102,"['0', '0', '0', '0', '0', '0', '0', '0', '0', '0']",1,26
3470,"['0', '0', '0', '0', '0', '0', '0', '0', '0', '0']",0,26
5782,"['5891', '5929', '5900', '5903', '5905', '3726', '5909', '5910', '2618', '5913']",0,26
764,"['0', '0', '0', '0', '0', '0', '0', '0', '0', '0']",0,26
5662,"['5426', '5363', '3387', '5340', '3312', '4848', '5422', '3980', '5368', '2228']",0,26
4102,"['0', '0', '0', '0', '0', '0', '0', '0', '0', '0']",1,26
3958,"['0', '0', '0', '0', '0', '0', '0', '0', '0', '0']",0,26
5417,"['3886', '626', '3784', '2090', '2857', '2469', '4205', '2671', '4087', '4164']",0,26
4670,"['0', '0', '0', '0', '0', '0', '0', '0', '0', '0']",0,26
3343,"['0', '0', '0', '0', '0', '0', '0', '0', '0', '0']",0,26
4102,"['0', '0', '0', '0', '0', '0', '0', '0', '0', '0']",1,26
2212,"['0', '0', '0', '0', '0', '0', '0', '0', '0', '0']",0,26
4182,"['0', '0', '0', '0', '0', '0', '0', '0', '0', '0']",0,26
3075,"['0', '0', '0', '0', '0', '0', '0', '0', '0', '0']",0,26
2425,"['0', '0', '0', '0', '0', '0', '0', '0', '0', '0']",0,26
4102,"['0', '0', '0', '0', '0', '0', '0', '0', '0', '0']",1,26
4290,"['0', '0', '0', '0', '0', '0', '0', '0', '0', '0']",0,26
4094,"['0', '0', '0', '0', '0', '0', '0', '0', '0', '0']",0,26
5742,"['4563', '1774', '2601', '679', '674', '2371', '3649', '5449', '3996', '3040']",0,26
4750,"['0', '0', '0', '0', '0', '0', '0', '0', '0', '0']",0,26
4102,"['0', '0', '0', '0', '0', '0', '0', '0', '0', '0']",1,26
4194,"['0', '0', '0', '0', '0', '0', '0', '0', '0', '0']",0,26
2751,"['5449', '3996', '3040', '1537', '381', '3009', '5844', '5803', '2626', '3911']",0,26
219,"['0', '0', '0', '0', '0', '0', '0', '0', '0', '0']",0,26
4377,"['0', '0', '0', '0', '0', '0', '0', '0', '0', '0']",0,26
4102,"['0', '0', '0', '0', '0', '0', '0', '0', '0', '0']",1,26
4663,"['0', '0', '0', '0', '0', '0', '0', '0', '0', '0']",0,26
4326,"['0', '0', '0', '0', '0', '0', '0', '0', '0', '0']",0,26
4104,"['0', '0', '0', '0', '0', '0', '0', '0', '0', '0']",0,26
4209,"['0', '0', '0', '0', '0', '0', '0', '0', '0', '0']",0,26
2982,"['0', '0', '0', '0', '0', '0', '0', '0', '0', '0']",1,26
2159,"['0', '0', '0', '0', '0', '0', '0', '0', '0', '0']",0,26
4034,"['0', '0', '0', '0', '0', '0', '0', '0', '0', '0']",0,26
5123,"['0', '0', '0', '0', '0', '0', '0', '0', '0', '0']",0,26
5474,"['4400', '4372', '4395', '4343', '4402', '4401', '4390', '4388', '2120', '4273']",0,26
2982,"['0', '0', '0', '0', '0', '0', '0', '0', '0', '0']",1,26
531,"['0', '0', '0', '0', '0', '0', '0', '0', '0', '0']",0,26
4287,"['0', '0', '0', '0', '0', '0', '0', '0', '0', '0']",0,26
4630,"['0', '0', '0', '0', '0', '0', '0', '0', '0', '0']",0,26
4171,"['0', '0', '0', '0', '0', '0', '0', '0', '0', '0']",0,26
4089,"['0', '0', '0', '0', '0', '0', '0', '0', '0', '0']",1,26
4388,"['0', '0', '0', '0', '0', '0', '0', '0', '0', '0']",0,26
4101,"['0', '0', '0', '0', '0', '0', '0', '0', '0', '0']",0,26
4292,"['3876', '4730', '4769', '3716', '2571', '1305', '4872', '4670', '4770', '4671']",0,26
4210,"['0', '0', '0', '0', '0', '0', '0', '0', '0', '0']",0,26
4089,"['0', '0', '0', '0', '0', '0', '0', '0', '0', '0']",1,26
3302,"['0', '0', '0', '0', '0', '0', '0', '0', '0', '0']",0,26
893,"['892', '4615', '4580', '2556', '4135', '2736', '3815', '3770', '2758', '4383']",0,26
4128,"['0', '0', '0', '0', '0', '0', '0', '0', '0', '0']",0,26
5068,"['0', '0', '0', '0', '0', '0', '0', '0', '0', '0']",0,26
4042,"['0', '0', '0', '0', '0', '0', '0', '0', '0', '0']",1,26
4453,"['0', '0', '0', '0', '0', '0', '0', '0', '0', '0']",0,26
5160,"['0', '0', '0', '0', '0', '0', '0', '0', '0', '0']",0,26
4090,"['0', '0', '0', '0', '0', '0', '0', '0', '0', '0']",0,26
4026,"['0', '0', '0', '0', '0', '0', '0', '0', '0', '0']",0,26
4042,"['0', '0', '0', '0', '0', '0', '0', '0', '0', '0']",1,26
130,"['0', '0', '0', '0', '0', '0', '0', '0', '0', '0']",0,26
3148,"['0', '0', '0', '0', '0', '0', '0', '0', '0', '0']",0,26
573,"['0', '0', '0', '0', '0', '0', '0', '0', '0', '0']",0,26
2838,"['0', '0', '0', '0', '0', '0', '0', '0', '0', '0']",0,26
4042,"['0', '0', '0', '0', '0', '0', '0', '0', '0', '0']",1,26
891,"['0', '0', '0', '0', '0', '0', '0', '0', '0', '0']",0,26
590,"['0', '0', '0', '0', '0', '0', '0', '0', '0', '0']",0,26
2176,"['0', '0', '0', '0', '0', '0', '0', '0', '0', '0']",0,26
4196,"['0', '0', '0', '0', '0', '0', '0', '0', '0', '0']",0,26
4003,"['0', '0', '0', '0', '0', '0', '0', '0', '0', '0']",1,26
3995,"['0', '0', '0', '0', '0', '0', '0', '0', '0', '0']",0,26
5740,"['3454', '4109', '2256', '763', '5696', '1379', '5688', '5686', '2445', '5680']",0,26
316,"['0', '0', '0', '0', '0', '0', '0', '0', '0', '0']",0,26
4088,"['0', '0', '0', '0', '0', '0', '0', '0', '0', '0']",0,26
4003,"['0', '0', '0', '0', '0', '0', '0', '0', '0', '0']",1,26
3260,"['0', '0', '0', '0', '0', '0', '0', '0', '0', '0']",0,26
4025,"['0', '0', '0', '0', '0', '0', '0', '0', '0', '0']",0,26
5287,"['0', '0', '0', '0', '0', '0', '0', '0', '0', '0']",0,26
4181,"['0', '0', '0', '0', '0', '0', '0', '0', '0', '0']",0,26
4000,"['0', '0', '0', '0', '0', '0', '0', '0', '0', '0']",1,26
4357,"['0', '0', '0', '0', '0', '0', '0', '0', '0', '0']",0,26
3100,"['0', '0', '0', '0', '0', '0', '0', '0', '0', '0']",0,26
371,"['0', '0', '0', '0', '0', '0', '0', '0', '0', '0']",0,26
3963,"['0', '0', '0', '0', '0', '0', '0', '0', '0', '0']",0,26
4000,"['0', '0', '0', '0', '0', '0', '0', '0', '0', '0']",1,26
3930,"['0', '0', '0', '0', '0', '0', '0', '0', '0', '0']",0,26
3060,"['0', '0', '0', '0', '0', '0', '0', '0', '0', '0']",0,26
5483,"['2589', '3448', '4414', '4435', '4351', '2423', '2003', '4425', '2034', '2496']",0,26
2851,"['0', '0', '0', '0', '0', '0', '0', '0', '0', '0']",0,26
4000,"['0', '0', '0', '0', '0', '0', '0', '0', '0', '0']",1,26
3272,"['0', '0', '0', '0', '0', '0', '0', '0', '0', '0']",0,26
2612,"['0', '0', '0', '0', '0', '0', '0', '0', '0', '0']",0,26
4449,"['0', '0', '0', '0', '0', '0', '0', '0', '0', '0']",0,26
4730,"['0', '0', '0', '0', '0', '0', '0', '0', '0', '0']",0,26
4000,"['0', '0', '0', '0', '0', '0', '0', '0', '0', '0']",1,26
4027,"['0', '0', '0', '0', '0', '0', '0', '0', '0', '0']",0,26
3150,"['0', '0', '0', '0', '0', '0', '0', '0', '0', '0']",0,26
4000,"['0', '0', '0', '0', '0', '0', '0', '0', '0', '0']",0,26
3720,"['0', '0', '0', '0', '0', '0', '0', '0', '0', '0']",0,26
4000,"['0', '0', '0', '0', '0', '0', '0', '0', '0', '0']",1,26
1780,"['0', '0', '0', '0', '0', '0', '0', '0', '0', '0']",0,26
4323,"['0', '0', '0', '0', '0', '0', '0', '0', '0', '0']",0,26
1780,"['0', '0', '0', '0', '0', '0', '0', '0', '0', '0']",0,26
4382,"['0', '0', '0', '0', '0', '0', '0', '0', '0', '0']",0,26
641,"['0', '0', '0', '0', '0', '0', '0', '0', '0', '0']",1,26
4737,"['0', '0', '0', '0', '0', '0', '0', '0', '0', '0']",0,26
4630,"['0', '0', '0', '0', '0', '0', '0', '0', '0', '0']",0,26
601,"['0', '0', '0', '0', '0', '0', '0', '0', '0', '0']",0,26
3914,"['0', '0', '0', '0', '0', '0', '0', '0', '0', '0']",0,26
3024,"['0', '0', '0', '0', '0', '0', '0', '0', '0', '0']",1,26
5544,"['4061', '3469', '4059', '4063', '2336', '2635', '4571', '2375', '3130', '3397']",0,26
3991,"['0', '0', '0', '0', '0', '0', '0', '0', '0', '0']",0,26
2212,"['0', '0', '0', '0', '0', '0', '0', '0', '0', '0']",0,26
5885,"['5903', '5905', '3726', '5909', '5910', '2618', '5913', '5912', '5915', '5925']",0,26
3024,"['0', '0', '0', '0', '0', '0', '0', '0', '0', '0']",1,26
4319,"['0', '0', '0', '0', '0', '0', '0', '0', '0', '0']",0,26
5627,"['3941', '4845', '5135', '4058', '3209', '5088', '5276', '5285', '2838', '83']",0,26
4119,"['0', '0', '0', '0', '0', '0', '0', '0', '0', '0']",0,26
3324,"['0', '0', '0', '0', '0', '0', '0', '0', '0', '0']",0,26
2509,"['0', '0', '0', '0', '0', '0', '0', '0', '0', '0']",1,26
4012,"['0', '0', '0', '0', '0', '0', '0', '0', '0', '0']",0,26
3914,"['0', '0', '0', '0', '0', '0', '0', '0', '0', '0']",0,26
1611,"['0', '0', '0', '0', '0', '0', '0', '0', '0', '0']",0,26
3254,"['0', '0', '0', '0', '0', '0', '0', '0', '0', '0']",0,26
2509,"['0', '0', '0', '0', '0', '0', '0', '0', '0', '0']",1,26
3075,"['0', '0', '0', '0', '0', '0', '0', '0', '0', '0']",0,26
4819,"['0', '0', '0', '0', '0', '0', '0', '0', '0', '0']",0,26
2140,"['3763', '3523', '3261', '3166', '3181', '3183', '3133', '3075', '2879', '2829']",0,26
4629,"['0', '0', '0', '0', '0', '0', '0', '0', '0', '0']",0,26
2509,"['0', '0', '0', '0', '0', '0', '0', '0', '0', '0']",1,26
12,"['0', '0', '0', '0', '0', '0', '0', '0', '0', '0']",0,26
4288,"['0', '0', '0', '0', '0', '0', '0', '0', '0', '0']",0,26
4662,"['0', '0', '0', '0', '0', '0', '0', '0', '0', '0']",0,26
3423,"['2954', '3423', '5811', '5935', '0', '0', '0', '0', '0', '0']",0,26
2509,"['0', '0', '0', '0', '0', '0', '0', '0', '0', '0']",1,26
1780,"['2613', '1448', '3879', '3591', '0', '0', '0', '0', '0', '0']",0,26
5055,"['1656', '2574', '1934', '812', '3851', '4097', '942', '939', '2446', '3171']",0,26
5541,"['1190', '4515', '3411', '2697', '2382', '1089', '3059', '1098', '1473', '3778']",0,26
4130,"['0', '0', '0', '0', '0', '0', '0', '0', '0', '0']",0,26
3938,"['0', '0', '0', '0', '0', '0', '0', '0', '0', '0']",1,26
4632,"['0', '0', '0', '0', '0', '0', '0', '0', '0', '0']",0,26
4032,"['0', '0', '0', '0', '0', '0', '0', '0', '0', '0']",0,26
2397,"['0', '0', '0', '0', '0', '0', '0', '0', '0', '0']",0,26
3818,"['0', '0', '0', '0', '0', '0', '0', '0', '0', '0']",0,26
3938,"['0', '0', '0', '0', '0', '0', '0', '0', '0', '0']",1,26
1928,"['0', '0', '0', '0', '0', '0', '0', '0', '0', '0']",0,26
316,"['0', '0', '0', '0', '0', '0', '0', '0', '0', '0']",0,26
3930,"['0', '0', '0', '0', '0', '0', '0', '0', '0', '0']",0,26
5406,"['4166', '4161', '2700', '4165', '4168', '4154', '971', '2870', '4078', '2965']",0,26
3503,"['0', '0', '0', '0', '0', '0', '0', '0', '0', '0']",1,26
323,"['0', '0', '0', '0', '0', '0', '0', '0', '0', '0']",0,26
1341,"['0', '0', '0', '0', '0', '0', '0', '0', '0', '0']",0,26
4812,"['0', '0', '0', '0', '0', '0', '0', '0', '0', '0']",0,26
2284,"['0', '0', '0', '0', '0', '0', '0', '0', '0', '0']",0,26
3922,"['0', '0', '0', '0', '0', '0', '0', '0', '0', '0']",1,26
3054,"['0', '0', '0', '0', '0', '0', '0', '0', '0', '0']",0,26
4173,"['0', '0', '0', '0', '0', '0', '0', '0', '0', '0']",0,26
4396,"['0', '0', '0', '0', '0', '0', '0', '0', '0', '0']",0,26
4097,"['0', '0', '0', '0', '0', '0', '0', '0', '0', '0']",0,26
3922,"['0', '0', '0', '0', '0', '0', '0', '0', '0', '0']",1,26
2368,"['0', '0', '0', '0', '0', '0', '0', '0', '0', '0']",0,26
4914,"['0', '0', '0', '0', '0', '0', '0', '0', '0', '0']",0,26
3874,"['0', '0', '0', '0', '0', '0', '0', '0', '0', '0']",0,26
5068,"['4221', '1526', '4003', '3943', '624', '632', '374', '233', '2383', '316']",0,26
3922,"['0', '0', '0', '0', '0', '0', '0', '0', '0', '0']",1,26
4012,"['0', '0', '0', '0', '0', '0', '0', '0', '0', '0']",0,26
4301,"['0', '0', '0', '0', '0', '0', '0', '0', '0', '0']",0,26
2599,"['0', '0', '0', '0', '0', '0', '0', '0', '0', '0']",0,26
2082,"['5057', '1307', '2927', '5061', '4880', '4877', '4661', '4937', '4662', '5070']",0,26
3900,"['0', '0', '0', '0', '0', '0', '0', '0', '0', '0']",1,26
1780,"['0', '0', '0', '0', '0', '0', '0', '0', '0', '0']",0,26
2669,"['0', '0', '0', '0', '0', '0', '0', '0', '0', '0']",0,26
1345,"['0', '0', '0', '0', '0', '0', '0', '0', '0', '0']",0,26
3078,"['0', '0', '0', '0', '0', '0', '0', '0', '0', '0']",0,26
3900,"['0', '0', '0', '0', '0', '0', '0', '0', '0', '0']",1,26
1217,"['0', '0', '0', '0', '0', '0', '0', '0', '0', '0']",0,26
1734,"['1598', '69', '3327', '3365', '3346', '2543', '2841', '921', '3613', '3366']",0,26
3915,"['0', '0', '0', '0', '0', '0', '0', '0', '0', '0']",0,26
4924,"['0', '0', '0', '0', '0', '0', '0', '0', '0', '0']",0,26
3900,"['0', '0', '0', '0', '0', '0', '0', '0', '0', '0']",1,26
1554,"['0', '0', '0', '0', '0', '0', '0', '0', '0', '0']",0,26
4064,"['0', '0', '0', '0', '0', '0', '0', '0', '0', '0']",0,26
5353,"['0', '0', '0', '0', '0', '0', '0', '0', '0', '0']",0,26
4039,"['0', '0', '0', '0', '0', '0', '0', '0', '0', '0']",0,26
3900,"['0', '0', '0', '0', '0', '0', '0', '0', '0', '0']",1,26
4195,"['0', '0', '0', '0', '0', '0', '0', '0', '0', '0']",0,26
5583,"['4681', '4678', '1507', '4792', '4696', '4809', '4810', '4802', '4444', '950']",0,26
5541,"['3926', '3868', '3732', '1254', '3301', '3164', '3023', '2405', '2294', '2458']",0,26
3798,"['0', '0', '0', '0', '0', '0', '0', '0', '0', '0']",0,26
4016,"['2212', '9', '4016', '3977', '3821', '4062', '1554', '3607', '3970', '1428']",1,2715
3607,"['2222', '2212', '9', '4016', '3977', '3821', '4062', '1554', '3607', '3970']",0,2715
4062,"['2433', '1674', '2222', '2212', '9', '4016', '3977', '3821', '4062', '1554']",0,2715
9,"['2433', '1674', '2222', '2212', '9', '4016', '0', '0', '0', '0']",0,2715
3977,"['2433', '1674', '2222', '2212', '9', '4016', '3977', '3821', '0', '0']",0,2715
2212,"['9', '4016', '3977', '3821', '4062', '1554', '3607', '3970', '1428', '3716']",1,2715
4016,"['2433', '1674', '2222', '2212', '9', '4016', '3977', '0', '0', '0']",0,2715
2222,"['2433', '1674', '0', '0', '0', '0', '0', '0', '0', '0']",0,2715
2212,"['2433', '1674', '2222', '2212', '9', '0', '0', '0', '0', '0']",0,2715
1674,"['2433', '0', '0', '0', '0', '0', '0', '0', '0', '0']",0,2715
2222,"['4016', '3977', '3821', '4062', '1554', '3607', '3970', '1428', '3716', '1385']",1,2715
3607,"['2222', '2212', '9', '4016', '3977', '3821', '4062', '1554', '3607', '3970']",0,2715
9,"['2433', '1674', '2222', '2212', '9', '4016', '0', '0', '0', '0']",0,2715
4016,"['2433', '1674', '2222', '2212', '9', '4016', '3977', '0', '0', '0']",0,2715
2222,"['2433', '1674', '2222', '0', '0', '0', '0', '0', '0', '0']",0,2715
633,"['5667', '4048', '4204', '2489', '4848', '5090', '118', '2773', '5151', '3089']",0,272081
3738,"['4616', '3302', '3933', '1043', '4197', '1774', '4235', '641', '3991', '3926']",0,44855
1750,"['12', '3738', '1345', '4302', '1750', '4340', '1087', '4353', '4209', '4356']",1,4495
1491,"['1962', '2390', '4119', '4880', '4914', '4906', '4907', '1491', '326', '3503']",0,4495
4766,"['1331', '3474', '4477', '3164', '921', '4766', '4415', '4762', '3492', '12']",0,4495
2390,"['5078', '4625', '5075', '4109', '5055', '4723', '5126', '1962', '2390', '4119']",0,4495
4109,"['5179', '5189', '5193', '4391', '5078', '4625', '5075', '4109', '0', '0']",0,4495
4215,"['627', '2264', '3785', '2768', '3779', '3972', '2431', '3896', '3301', '3813']",1,4495
4476,"['1528', '3316', '4212', '4199', '2831', '1276', '381', '3363', '1434', '2671']",0,4495
1780,"['4273', '4275', '4239', '4381', '4382', '4394', '4395', '4031', '4400', '4402']",0,4495
2381,"['2661', '694', '4196', '3118', '3899', '1596', '4264', '4286', '4215', '4261']",0,4495
4402,"['4193', '3202', '4411', '4414', '27', '1514', '1042', '4423', '4434', '4440']",0,4495
4067,"['0', '0', '0', '0', '0', '0', '0', '0', '0', '0']",1,4495
728,"['4914', '4906', '4907', '1491', '326', '3503', '2660', '728', '1331', '3474']",0,4495
2347,"['2885', '4067', '1114', '4039', '4081', '4140', '4146', '4147', '4161', '1484']",0,4495
3429,"['0', '0', '0', '0', '0', '0', '0', '0', '0', '0']",0,4495
3492,"['3164', '921', '4766', '4415', '4762', '3492', '12', '3738', '1345', '4302']",0,4495
4334,"['3801', '150', '2562', '5300', '2971', '5252', '4839', '4897', '3666', '1066']",0,54632
3073,"['3645', '323', '2484', '2602', '262', '1033', '3741', '1907', '3787', '1034']",1,59264
2796,"['3987', '1701', '2728', '1671', '2078', '1797', '2746', '3073', '3943', '161']",0,59264
2601,"['1199', '3055', '641', '4652', '2601', '4611', '2640', '4630', '2456', '2451']",0,59264
3123,"['5355', '5437', '5462', '2100', '4878', '3504', '154', '4762', '3123', '2823']",0,59264
4334,"['3123', '2823', '5034', '4334', '4737', '5005', '4625', '531', '4051', '2632']",0,59264
161,"['2602', '262', '1033', '3741', '1907', '3787', '1034', '3748', '3446', '1209']",1,59264
2451,"['4611', '2640', '4630', '2456', '2451', '3979', '891', '4738', '4665', '4603']",0,59264
1428,"['1428', '2797', '2788', '26', '3871', '3858', '2499', '3924', '3223', '3154']",0,59264
2719,"['2954', '5697', '5100', '2591', '69', '4077', '5253', '4147', '403', '0']",0,59264
2796,"['3078', '4043', '1554', '4012', '2571', '3914', '3987', '1701', '2728', '1671']",0,59264
161,"['262', '1033', '3741', '1907', '3787', '1034', '3748', '3446', '1209', '1242']",1,59264
2954,"['0', '0', '0', '0', '0', '0', '0', '0', '0', '0']",0,59264
2796,"['1533', '2182', '2289', '1509', '3013', '1307', '1457', '3903', '1451', '2660']",0,59264
621,"['2663', '3607', '2796', '2285', '2965', '4078', '3823', '4062', '4020', '2562']",0,59264
2796,"['1307', '1457', '3903', '1451', '2660', '3900', '391', '2704', '2652', '3307']",0,59264
2189,"['3741', '1907', '3787', '1034', '3748', '3446', '1209', '1242', '2239', '2363']",1,59264
3823,"['3752', '3282', '3729', '3542', '3539', '3512', '3860', '2586', '1010', '1482']",0,59264
2965,"['3660', '2972', '2751', '3775', '3752', '3282', '3729', '3542', '3539', '3512']",0,59264
2796,"['2562', '3078', '4043', '1554', '4012', '2571', '3914', '3987', '1701', '2728']",0,59264
1689,"['531', '4051', '2632', '2086', '1689', '1243', '1199', '3055', '641', '4652']",0,59264
3813,"['3787', '1034', '3748', '3446', '1209', '1242', '2239', '2363', '2438', '3994']",1,59264
2797,"['2788', '26', '3871', '3858', '2499', '3924', '3223', '3154', '621', '1676']",0,59264
944,"['1342', '944', '2446', '4284', '3973', '1599', '1738', '1428', '2797', '2788']",0,59264
3924,"['951', '4441', '3130', '2663', '3607', '2796', '2285', '2965', '4078', '3823']",0,59264
531,"['4334', '4737', '5005', '4625', '531', '4051', '2632', '2086', '1689', '1243']",0,59264
1554,"['3748', '3446', '1209', '1242', '2239', '2363', '2438', '3994', '0', '0']",1,59264
2562,"['3542', '3539', '3512', '3860', '2586', '1010', '1482', '1403', '465', '1682']",0,59264
2719,"['3504', '154', '4762', '3123', '2823', '5034', '4334', '4737', '5005', '4625']",0,59264
2601,"['1199', '3055', '641', '4652', '2601', '4611', '2640', '4630', '2456', '2451']",0,59264
4738,"['2456', '2451', '3979', '891', '4738', '4665', '4603', '3934', '3503', '591']",0,59264
2571,"['2239', '2363', '2438', '3994', '0', '0', '0', '0', '0', '0']",1,59264
1775,"['2796', '2285', '2965', '4078', '3823', '4062', '4020', '2562', '3078', '4043']",0,59264
2796,"['1554', '4012', '2571', '3914', '3987', '1701', '2728', '1671', '2078', '1797']",0,59264
2796,"['3307', '2178', '3746', '3599', '3660', '2972', '2751', '3775', '3752', '3282']",0,59264
2796,"['2746', '3073', '3943', '161', '2189', '3813', '1503', '1504', '1533', '2182']",0,59264
1554,"['2363', '2438', '3994', '0', '0', '0', '0', '0', '0', '0']",1,59264
2285,"['161', '2189', '3813', '1503', '1504', '1533', '2182', '2289', '1509', '3013']",0,59264
1554,"['3860', '2586', '1010', '1482', '1403', '465', '1682', '3899', '3843', '2311']",0,59264
951,"['2965', '4078', '3823', '4062', '4020', '2562', '3078', '4043', '1554', '4012']",0,59264
2796,"['1509', '3013', '1307', '1457', '3903', '1451', '2660', '3900', '391', '2704']",0,59264
3078,"['2438', '3994', '0', '0', '0', '0', '0', '0', '0', '0']",1,59264
3055,"['2086', '1689', '1243', '1199', '3055', '641', '4652', '2601', '4611', '2640']",0,59264
4665,"['2451', '3979', '891', '4738', '4665', '4603', '3934', '3503', '591', '4542']",0,59264
1342,"['939', '1342', '944', '2446', '4284', '3973', '1599', '1738', '1428', '2797']",0,59264
2797,"['2788', '26', '3871', '3858', '2499', '3924', '3223', '3154', '621', '1676']",0,59264
2562,"['3994', '0', '0', '0', '0', '0', '0', '0', '0', '0']",1,59264
2796,"['3987', '1701', '2728', '1671', '2078', '1797', '2746', '3073', '3943', '161']",0,59264
2796,"['2746', '3073', '3943', '161', '2189', '3813', '1503', '1504', '1533', '2182']",0,59264
26,"['2499', '3924', '3223', '3154', '621', '1676', '1775', '1270', '951', '4441']",0,59264
4878,"['4077', '5253', '4147', '403', '2719', '5355', '5437', '5462', '2100', '4878']",0,59264
26,"['0', '0', '0', '0', '0', '0', '0', '0', '0', '0']",1,59264
1342,"['939', '1342', '944', '2446', '4284', '3973', '1599', '1738', '1428', '2797']",0,59264
591,"['4665', '4603', '3934', '3503', '591', '4542', '3683', '950', '1347', '2445']",0,59264
3914,"['0', '0', '0', '0', '0', '0', '0', '0', '0', '0']",0,59264
3750,"['0', '0', '0', '0', '0', '0', '0', '0', '0', '0']",0,59264
3987,"['0', '0', '0', '0', '0', '0', '0', '0', '0', '0']",1,59264
2663,"['4062', '4020', '2562', '3078', '4043', '1554', '4012', '2571', '3914', '3987']",0,59264
1307,"['0', '0', '0', '0', '0', '0', '0', '0', '0', '0']",0,59264
3994,"['0', '0', '0', '0', '0', '0', '0', '0', '0', '0']",0,59264
2562,"['1482', '1403', '465', '1682', '3899', '3843', '2311', '2636', '3463', '3922']",0,59264
3750,"['0', '0', '0', '0', '0', '0', '0', '0', '0', '0']",1,59264
2965,"['3660', '2972', '2751', '3775', '3752', '3282', '3729', '3542', '3539', '3512']",0,59264
1533,"['0', '0', '0', '0', '0', '0', '0', '0', '0', '0']",0,59264
2796,"['1451', '2660', '3900', '391', '2704', '2652', '3307', '2178', '3746', '3599']",0,59264
1270,"['0', '0', '0', '0', '0', '0', '0', '0', '0', '0']",0,59264
3154,"['0', '0', '0', '0', '0', '0', '0', '0', '0', '0']",1,59264
1209,"['0', '0', '0', '0', '0', '0', '0', '0', '0', '0']",0,59264
2189,"['1907', '3787', '1034', '3748', '3446', '1209', '1242', '2239', '2363', '2438']",0,59264
1738,"['1738', '1428', '2797', '2788', '26', '3871', '3858', '2499', '3924', '3223']",0,59264
3729,"['0', '0', '0', '0', '0', '0', '0', '0', '0', '0']",0,59264
1347,"['0', '0', '0', '0', '0', '0', '0', '0', '0', '0']",1,59264
1503,"['1209', '1242', '2239', '2363', '2438', '3994', '0', '0', '0', '0']",0,59264
4737,"['4878', '3504', '154', '4762', '3123', '2823', '5034', '4334', '4737', '5005']",0,59264
3948,"['0', '0', '0', '0', '0', '0', '0', '0', '0', '0']",0,59264
3542,"['0', '0', '0', '0', '0', '0', '0', '0', '0', '0']",0,59264
1457,"['0', '0', '0', '0', '0', '0', '0', '0', '0', '0']",1,59264
2796,"['1503', '1504', '1533', '2182', '2289', '1509', '3013', '1307', '1457', '3903']",0,59264
3542,"['0', '0', '0', '0', '0', '0', '0', '0', '0', '0']",0,59264
4665,"['2451', '3979', '891', '4738', '4665', '4603', '3934', '3503', '591', '4542']",0,59264
1503,"['1209', '1242', '2239', '2363', '2438', '3994', '0', '0', '0', '0']",0,59264
2289,"['0', '0', '0', '0', '0', '0', '0', '0', '0', '0']",1,59264
1676,"['0', '0', '0', '0', '0', '0', '0', '0', '0', '0']",0,59264
2796,"['3813', '1503', '1504', '1533', '2182', '2289', '1509', '3013', '1307', '1457']",0,59264
2660,"['0', '0', '0', '0', '0', '0', '0', '0', '0', '0']",0,59264
4043,"['3512', '3860', '2586', '1010', '1482', '1403', '465', '1682', '3899', '3843']",0,59264
1533,"['0', '0', '0', '0', '0', '0', '0', '0', '0', '0']",1,59264
2182,"['0', '0', '0', '0', '0', '0', '0', '0', '0', '0']",0,59264
2239,"['0', '0', '0', '0', '0', '0', '0', '0', '0', '0']",0,59264
2796,"['3073', '3943', '161', '2189', '3813', '1503', '1504', '1533', '2182', '2289']",0,59264
26,"['3899', '3843', '2311', '2636', '3463', '3922', '3948', '2792', '3750', '239']",0,59264
